scenario,height_agl_m,mean_turbulence_index,p90_turbulence_index,mae_from_baseline,mean_delta_from_baseline,mean_coverage,mean_uncertainty
baseline,0.0,0.42327054079358173,0.7417860388755797,0.0,0.0,0.9693225027991086,0.3919339293119859
baseline,100.0,0.4938812962117172,0.6818898916244507,0.0,0.0,0.8472406183256537,0.42874620741441183
baseline,200.0,0.5017277657288034,0.6924315690994263,0.0,0.0,0.7785456059073486,0.45834089946203016
baseline,300.0,0.520096599976985,0.7268121361732482,0.0,0.0,0.7524075830183109,0.46518961717100704
baseline,400.0,0.5041469749497051,0.7276878118515014,0.0,0.0,0.7505301971538585,0.46607039122879146
baseline,500.0,0.47896968868314005,0.7033927917480468,0.0,0.0,0.7546312068404556,0.45974509874168706
baseline,600.0,0.4648704618466001,0.6934726357460022,0.0,0.0,0.7604229236207232,0.44848855627255707
baseline,700.0,0.44642876781979385,0.6856030344963073,0.0,0.0,0.766439652925923,0.4418311201080698
baseline,800.0,0.4277865558093479,0.6582605838775635,0.0,0.0,0.7648188143038378,0.4434942881528641
baseline,900.0,0.4175921817787555,0.6406185150146484,0.0,0.0,0.75068414834868,0.45393586626001337
baseline,1000.0,0.4208240356944761,0.6492994070053101,0.0,0.0,0.7247916353171041,0.4750076162142485
baseline,1100.0,0.4341378632785321,0.6674809575080871,0.0,0.0,0.7206162488653737,0.4773205251896939
baseline,1200.0,0.44787026448946754,0.6692209362983703,0.0,0.0,0.7164992281189915,0.4837326866238057
baseline,1300.0,0.4559387623405113,0.6656597256660461,0.0,0.0,0.7135746949539036,0.4917545353593517
baseline,1400.0,0.4558288630120465,0.6596866846084595,0.0,0.0,0.7112302557546265,0.4970599697417572
baseline,1500.0,0.44402079290452123,0.641041612625122,0.0,0.0,0.7045125471264804,0.5019973778638805
baseline,1600.0,0.4229292726083821,0.6288053035736084,0.0,0.0,0.6890125416764835,0.5100643896684498
baseline,1700.0,0.3949978306102438,0.6095037698745728,0.0,0.0,0.6999360105856841,0.4975217574641627
baseline,1800.0,0.3671908186719555,0.5838257074356079,0.0,0.0,0.7039502227542495,0.4889039917724902
baseline,1900.0,0.3499271281293872,0.5736981630325317,0.0,0.0,0.6837849166678066,0.5030023235519107
baseline,2000.0,0.3932167540864498,0.6203252911567688,0.0,0.0,0.6154130499581901,0.5873305459554885
radar_radius_30km,0.0,0.4232005125736775,0.7416425466537474,0.00011726636774972135,-7.00282199042184e-05,0.9693049139478485,0.39197227658630135
radar_radius_30km,100.0,0.4938118856297392,0.682118010520935,0.00016470595854384845,-6.941058197799995e-05,0.8470794418708187,0.42885819438840445
radar_radius_30km,200.0,0.5016240417009212,0.6923395872116089,0.00020702356407765438,-0.00010372402788210316,0.7782268584418555,0.45855309302781094
radar_radius_30km,300.0,0.5200079005806386,0.7267472386360169,0.0002265296491826711,-8.869939634636813e-05,0.7519245382975273,0.4654907228351355
radar_radius_30km,400.0,0.5041027376059295,0.7276505827903748,0.0002405373703818075,-4.423734377555343e-05,0.7498891203844247,0.46643188718129464
radar_radius_30km,500.0,0.47896191295312374,0.7033915638923645,0.0002688573617465785,-7.775730016280193e-06,0.7538681796332654,0.4601561473912838
radar_radius_30km,600.0,0.4649348694057453,0.6935015320777893,0.0003076582646169582,6.440755914525539e-05,0.7595599612983621,0.4489682004088256
radar_radius_30km,700.0,0.44652267103614496,0.685609769821167,0.0003253255517972188,9.390321635112327e-05,0.765512813429157,0.4423648774695425
radar_radius_30km,800.0,0.4278592953161031,0.6583366513252258,0.0003273512117144297,7.273950675527016e-05,0.763881976371195,0.444003057694521
radar_radius_30km,900.0,0.4176534689936031,0.6411052584648133,0.00035657546564596757,6.128721484760134e-05,0.7497115522551508,0.454447389879719
radar_radius_30km,1000.0,0.42089050272468476,0.649337363243103,0.00041958626543058783,6.646703020865175e-05,0.7237659712155469,0.47554583047904603
radar_radius_30km,1100.0,0.43418941188867494,0.6677759408950805,0.0004739908807847251,5.154861014287154e-05,0.7196685685115416,0.47781208840881934
radar_radius_30km,1200.0,0.4478533067998766,0.6699278712272644,0.0005490254704691782,-1.6957689590957843e-05,0.7155805193970041,0.48420639471704363
radar_radius_30km,1300.0,0.45582000852740256,0.6666261196136475,0.0006367834765656369,-0.00011875381310876248,0.7126341721984376,0.49225860973652386
radar_radius_30km,1400.0,0.45570988908034415,0.6601871490478515,0.0006428203752347115,-0.0001189739317023883,0.7102765845937603,0.49760699401668856
radar_radius_30km,1500.0,0.44391467043546357,0.6415308594703674,0.0006491174700022603,-0.00010612246905769907,0.7034897792918914,0.5026351825744451
radar_radius_30km,1600.0,0.42286629094904354,0.6285489559173584,0.0006089881688606839,-6.29816593385401e-05,0.6879284162195075,0.5107998622851927
radar_radius_30km,1700.0,0.3949800552100408,0.6099652528762817,0.0005570583090204008,-1.777540020295838e-05,0.6989417235318924,0.498219042236493
radar_radius_30km,1800.0,0.36719422457741946,0.5843948602676391,0.0005294190458103675,3.4059054639731565e-06,0.703028912987171,0.4895733823939389
radar_radius_30km,1900.0,0.3499651367772742,0.5742919564247131,0.0005430289782306441,3.8008647887002666e-05,0.6828412011212089,0.5037504771104953
radar_radius_30km,2000.0,0.3934152818616985,0.6206615924835205,0.0006231056202073344,0.00019852777524870268,0.6144998859439721,0.5882736426727826
radar_radius_50km,0.0,0.42330288549914225,0.7419319868087767,5.471745566302846e-05,3.2344705560485e-05,0.969330713256639,0.39191606834727605
radar_radius_50km,100.0,0.49391310050600573,0.6819127798080444,7.700280410473515e-05,3.1804294288516186e-05,0.8473158405894706,0.42869389140877834
radar_radius_50km,200.0,0.5017758628990756,0.6924051165580749,9.620825068003276e-05,4.8097170272222656e-05,0.7786938051931283,0.4582422289527765
radar_radius_50km,300.0,0.5201376941345749,0.7268834590911866,0.00010521221919363143,4.109415758987006e-05,0.7526320394061479,0.4650498536311421
radar_radius_50km,400.0,0.5041674936733612,0.7276373624801635,0.00011178247925757217,2.051872365614947e-05,0.7508281790551876,0.46590262982739405
radar_radius_50km,500.0,0.478973220480161,0.70314462184906,0.0001250653242578312,3.5317970209476613e-06,0.7549860776830264,0.45955420620158083
radar_radius_50km,600.0,0.46484036871007367,0.6934120178222656,0.00014333811198391405,-3.0093136526384847e-05,0.7608244891140927,0.4482654734962985
radar_radius_50km,700.0,0.4463850591023143,0.6855666279792786,0.00015148707405001033,-4.370871747956843e-05,0.7668711208102225,0.44158271881712585
radar_radius_50km,800.0,0.4277527764314363,0.6582146763801574,0.0001523187806626328,-3.3779377911557384e-05,0.7652545499057473,0.4432578957166706
radar_radius_50km,900.0,0.4175638050842686,0.640662658214569,0.0001658123581349349,-2.8376694486922578e-05,0.7511362542947229,0.45369849302330795
radar_radius_50km,1000.0,0.4207932944325697,0.6491515278816223,0.00019509235099584115,-3.074126190641204e-05,0.7252682684886069,0.4747579926488494
radar_radius_50km,1100.0,0.4341141572841505,0.6674761533737182,0.0002204520397541188,-2.370599438162411e-05,0.7210565818815815,0.47709264142029567
radar_radius_50km,1200.0,0.4478788933154343,0.6687167644500732,0.00025584640658917834,8.628825966765186e-06,0.7169263637867295,0.4835129728838175
radar_radius_50km,1300.0,0.4559948168328258,0.6655194401741028,0.00029681210650974105,5.605449231446577e-05,0.7140120027052397,0.49152049904539374
radar_radius_50km,1400.0,0.45588393248394043,0.659777045249939,0.0002986619273582999,5.506947189390588e-05,0.7116731338140343,0.4968063186554491
radar_radius_50km,1500.0,0.44406984469362526,0.6410122275352478,0.00030141313250611523,4.90517891040083e-05,0.7049875436710711,0.5017016408895674
radar_radius_50km,1600.0,0.42295844369396873,0.6290040731430053,0.00028262102589601514,2.9171085586639442e-05,0.6895162291815874,0.5097234413975856
radar_radius_50km,1700.0,0.3950061951078573,0.6092294573783874,0.00025858840986746416,8.364497613506156e-06,0.7003979634050848,0.49719845980298477
radar_radius_50km,1800.0,0.3671893290647653,0.5836358547210694,0.00024587524091066864,-1.4896071901699217e-06,0.7043784863701245,0.48859345097215523
radar_radius_50km,1900.0,0.3499097528170888,0.5735982179641723,0.0002523636758452704,-1.7375312298357414e-05,0.6842245707921192,0.5026547608541555
radar_radius_50km,2000.0,0.39312503395103465,0.619990611076355,0.00028935818254303676,-9.17201354151585e-05,0.6158386570064961,0.5868923121497553
wpr_weight_0.60,0.0,0.42327054079358173,0.7417860388755797,0.0,0.0,0.9693225027991086,0.3919339293119859
wpr_weight_0.60,100.0,0.4853445861537774,0.6942245841026305,0.01684275580769112,-0.008536710057939802,0.8472406183256537,0.4431782203490565
wpr_weight_0.60,200.0,0.49884321439702684,0.6916595458984375,0.014943149499818772,-0.0028845513317765307,0.7785456059073486,0.47912297949355903
wpr_weight_0.60,300.0,0.5178755473117439,0.7253623485565186,0.01335900842356367,-0.0022210526652410535,0.7524075830183109,0.4905226072844337
wpr_weight_0.60,400.0,0.5031431447862148,0.728292191028595,0.011477691992348125,-0.0010038301634903,0.7505301971538585,0.494105125074627
wpr_weight_0.60,500.0,0.4782305981181249,0.7046390652656556,0.011168188332509594,-0.0007390905650151449,0.7546312068404556,0.48848512527607785
wpr_weight_0.60,600.0,0.46103963105976226,0.6956289649009705,0.009733712039932627,-0.003830830786837822,0.7604229236207232,0.47675967512010525
wpr_weight_0.60,700.0,0.4414392412567482,0.6838634133338928,0.009567438171548145,-0.004989526563045643,0.766439652925923,0.46961196185875625
wpr_weight_0.60,800.0,0.42430163665192755,0.6585106730461121,0.009280278468403924,-0.0034849191574203154,0.7648188143038378,0.47228412367001016
wpr_weight_0.60,900.0,0.4153106002568626,0.6416811347007751,0.009047250319071033,-0.002281581521892891,0.75068414834868,0.48411030506744246
wpr_weight_0.60,1000.0,0.41882920979308624,0.6510003685951233,0.009844489780222239,-0.0019948259013898378,0.7247916353171041,0.5057255153610212
wpr_weight_0.60,1100.0,0.43218744572828943,0.6692560195922851,0.012526729871101884,-0.001950417550242677,0.7206162488653737,0.5081413061034923
wpr_weight_0.60,1200.0,0.44747116103822016,0.672627317905426,0.015464789367595069,-0.0003991034512474042,0.7164992281189915,0.514354089721769
wpr_weight_0.60,1300.0,0.4586582525044071,0.6712778091430665,0.018297399217341127,0.002719490163895835,0.7135746949539036,0.5213017638276319
wpr_weight_0.60,1400.0,0.4604752937123841,0.6677191495895386,0.020392376388392957,0.004646430700337615,0.7112302557546265,0.5241409702962186
wpr_weight_0.60,1500.0,0.4477703875585908,0.6498600840568542,0.020806096410121665,0.0037495946540695136,0.7045125471264804,0.5265805934586015
wpr_weight_0.60,1600.0,0.42474262753740794,0.6307296276092529,0.019935902289482724,0.001813354929025863,0.6890125416764835,0.5321749992874347
wpr_weight_0.60,1700.0,0.3947337423427766,0.6071215987205505,0.020346303772525626,-0.0002640882674671736,0.6999360105856841,0.5211219926126579
wpr_weight_0.60,1800.0,0.36607488558268775,0.5805924773216248,0.020277022700063606,-0.0011159330892677353,0.7039502227542495,0.5156650256065904
wpr_weight_0.60,1900.0,0.3471152151531192,0.5661189436912536,0.02019350963364057,-0.002811912976267959,0.6837849166678066,0.5339819826427199
wpr_weight_0.60,2000.0,0.38353979046605213,0.5972377538681031,0.023064271599447884,-0.009676963620397652,0.6154130499581901,0.6288152800101479
wpr_weight_1.10,0.0,0.42327054079358173,0.7417860388755797,0.0,0.0,0.9693225027991086,0.3919339293119859
wpr_weight_1.10,100.0,0.5006196156233584,0.6755506753921509,0.014092677704641083,0.006738319411641267,0.8472406183256537,0.41566718911924283
wpr_weight_1.10,200.0,0.5036593767327994,0.6961781501770019,0.012278602092492194,0.0019316110039959435,0.7785456059073486,0.4404575342533826
wpr_weight_1.10,300.0,0.5213708818245049,0.7276754021644593,0.010737730718317295,0.0012742818475198917,0.7524075830183109,0.4442914663314247
wpr_weight_1.10,400.0,0.5046207010495563,0.7270396471023559,0.009110392445848197,0.0004737260998511801,0.7505301971538585,0.44357356929263864
wpr_weight_1.10,500.0,0.4793159072818447,0.701672625541687,0.00893890143227892,0.0003462185987046644,0.7546312068404556,0.43716608012566904
wpr_weight_1.10,600.0,0.46809304969436694,0.6945940375328064,0.007791949273729954,0.003222587847766899,0.7604229236207232,0.42666011181484464
wpr_weight_1.10,700.0,0.4509114205282705,0.6863308787345886,0.007795029039643392,0.004482652708476617,0.766439652925923,0.4207071595761527
wpr_weight_1.10,800.0,0.43102701687011397,0.6598207473754882,0.007684246727040693,0.003240461060766126,0.7648188143038378,0.42190774740720566
wpr_weight_1.10,900.0,0.4199372379093611,0.6418053865432739,0.007490183359363071,0.0023450561306055853,0.75068414834868,0.4314876449351408
wpr_weight_1.10,1000.0,0.42310531688373343,0.6485772848129272,0.008095281037176643,0.002281281189257357,0.7247916353171041,0.45218989874850085
wpr_weight_1.10,1100.0,0.4364920347392344,0.66735759973526,0.01007349051776625,0.0023541714607023534,0.7206162488653737,0.454065625206763
wpr_weight_1.10,1200.0,0.44907212918009365,0.6708625316619873,0.012169357440194019,0.0012018646906260826,0.7164992281189915,0.4600121437644615
wpr_weight_1.10,1300.0,0.45468927368718465,0.6657568931579589,0.01424907434280036,-0.0012494886533266642,0.7135746949539036,0.46808527384628623
wpr_weight_1.10,1400.0,0.45291308479077247,0.6545790314674378,0.015999023745111488,-0.002915778221274052,0.7112302557546265,0.4746007575708277
wpr_weight_1.10,1500.0,0.4417142206756007,0.6411757469177246,0.016583430631106354,-0.00230657222892056,0.7045125471264804,0.48120334633544426
wpr_weight_1.10,1600.0,0.4222048957450908,0.6285109162330628,0.016150797975091946,-0.0007243768632912836,0.6890125416764835,0.49108394431609925
wpr_weight_1.10,1700.0,0.39606177447294416,0.6117372512817383,0.016275382816505316,0.0010639438627003766,0.6999360105856841,0.47749040371515883
wpr_weight_1.10,1800.0,0.3689341127720414,0.589535367488861,0.015987577683785382,0.001743294100085942,0.7039502227542495,0.46671705291050825
wpr_weight_1.10,1900.0,0.3529878874283646,0.5855199456214905,0.015736301684257936,0.0030607592989774454,0.6837849166678066,0.4780209448157238
wpr_weight_1.10,2000.0,0.40114115032256725,0.6376932263374329,0.017883286395279013,0.007924396236117433,0.6154130499581901,0.5547685906094234
surface_scale_200m,0.0,0.42327054079358173,0.7417860388755797,0.0,0.0,0.9693225027991086,0.3919339293119859
surface_scale_200m,100.0,0.5051063293705181,0.6853506684303283,0.016336605809673686,0.011225033158800897,0.7952728085443467,0.4550583604217864
surface_scale_200m,200.0,0.5148000783386494,0.7190322875976562,0.02460736126637831,0.013072312609845994,0.7173778599049865,0.4923762442398758
surface_scale_200m,300.0,0.5331411807262311,0.759523582458496,0.02613136247426522,0.01304458074924611,0.6991372943210716,0.495405759344868
surface_scale_200m,400.0,0.5102439250765728,0.7475458264350892,0.021615717670067446,0.006096950126867764,0.7093674507247013,0.49220853211785276
surface_scale_200m,500.0,0.4805598596886856,0.7169859409332275,0.015867128918150893,0.001590171005545544,0.7238899069745429,0.4796979059477528
surface_scale_200m,600.0,0.46431609376424215,0.7025747418403625,0.011426753471163856,-0.0005543680823579127,0.7378056131348032,0.462470863274738
surface_scale_200m,700.0,0.4448296826283614,0.6900123000144959,0.008770194535209637,-0.0015990851914324537,0.7499306250412782,0.45157717308219597
surface_scale_200m,800.0,0.42615826989279215,0.6640239834785462,0.006792277607525669,-0.0016282859165556863,0.7524389011769735,0.4510216370421727
surface_scale_200m,900.0,0.4162196152261039,0.6455113887786865,0.00543769156338931,-0.0013725665526516011,0.7409573063880456,0.46011982700403997
surface_scale_200m,1000.0,0.41992037468561894,0.6516915798187256,0.00446539702786117,-0.0009036610088571637,0.7168669884695726,0.4803631458462787
surface_scale_200m,1100.0,0.4338881473545553,0.669669258594513,0.003324778301089036,-0.0002497159239767837,0.714703912397965,0.48082649417999695
surface_scale_200m,1200.0,0.4479709030807662,0.6719990611076355,0.002480918675267539,0.0001006385912986792,0.7121050399248483,0.4862256720358012
surface_scale_200m,1300.0,0.4562005012941246,0.6672533631324767,0.001855834488536702,0.0002617389536132904,0.7103332068882927,0.4936349424136644
surface_scale_200m,1400.0,0.4561547486471529,0.661020028591156,0.0013605947021533603,0.00032588563510636034,0.7088505073397958,0.4984694331276173
surface_scale_200m,1500.0,0.44428270500318773,0.6423932194709777,0.0009731330129565025,0.00026191209866648535,0.7027429210037744,0.5030900545552427
surface_scale_200m,1600.0,0.42307222515773946,0.629194724559784,0.0006834719540262852,0.00014295254935737416,0.6876614795512512,0.5109433458632782
surface_scale_200m,1700.0,0.3950091302090762,0.6099702000617981,0.0004499434244160463,1.129959883237658e-05,0.6989924861352985,0.4980937684569754
surface_scale_200m,1800.0,0.36713690377709246,0.5844204664230347,0.00030626383076767387,-5.391489486305081e-05,0.7032776168879626,0.48928567707037723
surface_scale_200m,1900.0,0.3498467696366646,0.5740048885345459,0.00024495221493320735,-8.03584927225671e-05,0.6832664166535793,0.5032913416230521
surface_scale_200m,2000.0,0.39318521628234565,0.620641791820526,0.0002740897578136975,-3.1537804104128375e-05,0.6149582623111672,0.5877828245689602
surface_scale_500m,0.0,0.42327054079358173,0.7417860388755797,0.0,0.0,0.9693225027991086,0.3919339293119859
surface_scale_500m,100.0,0.48434242386133874,0.6821733474731445,0.013711114324369923,-0.009538872350378483,0.8955228760319741,0.4052377048803836
surface_scale_500m,200.0,0.48898715821563266,0.6732807040214538,0.02315834247443427,-0.012740607513170712,0.8444900238785853,0.4238877753893725
surface_scale_500m,300.0,0.5053314742671341,0.6937017798423767,0.028611800926072257,-0.01476512570985082,0.8189938094149403,0.4298220059164718
surface_scale_500m,400.0,0.4951298634097928,0.6979652404785156,0.02790200606721933,-0.009017111539912252,0.8101366358931039,0.4314179250673086
surface_scale_500m,500.0,0.4751051158678918,0.6832152724266052,0.024402463049734053,-0.0038645728152482306,0.8061601883580848,0.42890090084448007
surface_scale_500m,600.0,0.46436215153976934,0.6850882053375245,0.020784596377918844,-0.0005083103068307096,0.8042728530831125,0.4229162513851976
surface_scale_500m,700.0,0.4484473013738338,0.6773954033851624,0.018611351190423335,0.00201853355403994,0.803432221487075,0.42086343027535034
surface_scale_500m,800.0,0.43070137953343224,0.6498243808746338,0.01665716668745192,0.0029148237240843983,0.796855796399523,0.4248166984226666
surface_scale_500m,900.0,0.42061860249036787,0.6346700668334961,0.015367429081846972,0.003026420711612358,0.7797333011678717,0.4362776361164354
surface_scale_500m,1000.0,0.42306583304794465,0.6448271155357361,0.014518709142668909,0.002241797353468594,0.7520856344578217,0.45744869705437186
surface_scale_500m,1100.0,0.43469570852986045,0.65991131067276,0.012714623370949103,0.0005578452513283756,0.7440845937466993,0.46369550835614015
surface_scale_500m,1200.0,0.44720085406539534,0.6611868023872375,0.011046796636421139,-0.0006694104240722016,0.7365883646821346,0.47245067322955414
surface_scale_500m,1300.0,0.45449083326171996,0.6570503950119019,0.009559816512025419,-0.001447929078791322,0.7306324900413046,0.4819347078559779
surface_scale_500m,1400.0,0.453880852883031,0.6517202973365783,0.008088493230892401,-0.0019480101290155574,0.7256366572102436,0.48858016811642185
surface_scale_500m,1500.0,0.44225197970008506,0.6337151527404785,0.006662280077622289,-0.0017688132044361706,0.7168298497420399,0.494456123024905
surface_scale_500m,1600.0,0.4218263965981061,0.6224097728729248,0.0053881853479011005,-0.0011028760102759748,0.6998193371124198,0.5031123831492512
surface_scale_500m,1700.0,0.3948999151587486,0.6043726086616515,0.004090255108915744,-9.7915451495158e-05,0.7086047150650803,0.4922983018290095
surface_scale_500m,1800.0,0.3677501067537077,0.5797232866287231,0.0032064713645024315,0.000559288081752152,0.7110451038358878,0.4848923236882987
surface_scale_500m,1900.0,0.3508836050798484,0.5702303409576416,0.0029441822434262354,0.0009564769504611947,0.6900616754002932,0.4995124108078672
surface_scale_500m,2000.0,0.39362101035297703,0.6170570731163025,0.003716657738260576,0.0004042562665272446,0.6217288269429934,0.5811822197088102
