因素或交互项,平方和,自由度,稳健F值_HC3,p值_HC3,偏eta平方,Cohen_f,效应量等级,是否显著_0.05
温度,540.1361654777967,3.0,1673.1061155780574,0.0,0.28869357195895334,0.6370744534201859,大,是
励磁波形,285.76320237546463,2.0,1327.7545331887625,0.0,0.1767686778982164,0.46338472526028995,大,是
磁芯材料,262.7917423328156,3.0,814.0141307359296,0.0,0.16490211369053417,0.4443696802528831,大,是
温度×励磁波形,48.18290046363072,6.0,74.62479887888865,7.302412436593546e-92,0.034940114745625174,0.19027644626315027,小,是
温度×磁芯材料,3.0066770805670706,9.0,3.1044578093348294,0.000984994441620906,0.0022541553257115093,0.04753154764650173,很小,是
励磁波形×磁芯材料,73.99450615234791,6.0,114.60134376778791,2.6200825224067064e-141,0.052671674194209914,0.23579701327920552,小,是
对数频率（控制变量）,10244.508506533044,1.0,95199.0494001264,0.0,0.8850287793502857,2.7744961436240247,大,是
对数磁通密度峰值（控制变量）,39747.080555485845,1.0,369357.3276745753,0.0,0.9676022744598478,5.465012747509552,大,是
频率×磁通密度（控制项）,159.45744693239138,1.0,1481.7887415539915,2.739610886708888e-306,0.10699771432773823,0.34614731321322034,中,是
