model,valid_time,height_agl_m,mean_turbulence,p90_turbulence,high_risk_fraction,mean_uncertainty
model_d,2025-07-31 02:00:00,0.0,0.48637768626213074,0.6122099161148071,0.0480708412397217,0.2719915211200714
model_d,2025-07-31 02:00:00,50.0,0.5092431902885437,0.6321101784706116,0.06852203246890154,0.2958368957042694
model_d,2025-07-31 02:00:00,100.0,0.5447685718536377,0.6538510322570801,0.12460468058191018,0.2897435426712036
model_d,2025-07-31 02:00:00,150.0,0.5280311107635498,0.6398544907569885,0.07765830346475508,0.2795014977455139
model_d,2025-07-31 02:00:00,200.0,0.5368474125862122,0.6504612565040588,0.10134232904631386,0.28434911370277405
model_d,2025-07-31 02:00:00,250.0,0.548305332660675,0.6559858322143555,0.11849040691545436,0.2861765921115875
model_d,2025-07-31 02:00:00,300.0,0.5599722266197205,0.6567014455795288,0.12664277180406214,0.2872870862483978
model_d,2025-07-31 02:00:00,350.0,0.5586997270584106,0.6528148651123047,0.11068943706514864,0.2864120900630951
model_d,2025-07-31 02:00:00,400.0,0.5522205233573914,0.6484854817390442,0.09445498629559351,0.2863650321960449
model_d,2025-07-31 02:00:00,450.0,0.5482439398765564,0.6506034135818481,0.10253707217654087,0.28681880235671997
model_d,2025-07-31 02:00:00,500.0,0.548606276512146,0.650471568107605,0.10162344507695552,0.28830409049987793
model_d,2025-07-31 02:00:00,550.0,0.540170431137085,0.6412270069122314,0.06824091643825989,0.2897472381591797
model_d,2025-07-31 02:00:00,600.0,0.5331288576126099,0.6344871520996094,0.05320120879893176,0.2893534302711487
model_d,2025-07-31 02:00:00,650.0,0.5334798693656921,0.627811849117279,0.0397779183357931,0.2923455238342285
model_d,2025-07-31 02:00:00,700.0,0.523729681968689,0.6172258853912354,0.022770398481973434,0.29520875215530396
model_d,2025-07-31 02:00:00,750.0,0.5212419033050537,0.6128714084625244,0.0196078431372549,0.29640570282936096
model_d,2025-07-31 02:00:00,800.0,0.518531858921051,0.6054323315620422,0.012579942371213718,0.2985229790210724
model_d,2025-07-31 02:00:00,850.0,0.5173057317733765,0.6056843996047974,0.009487666034155597,0.3025225102901459
model_d,2025-07-31 02:00:00,900.0,0.516316831111908,0.6067978143692017,0.01033101412608054,0.3036210238933563
model_d,2025-07-31 02:00:00,950.0,0.5150073170661926,0.6075541973114014,0.011736594279288776,0.303959459066391
model_d,2025-07-31 02:00:00,1000.0,0.5180821418762207,0.607785165309906,0.013563848478459484,0.30746394395828247
model_d,2025-07-31 02:00:00,1050.0,0.5161101818084717,0.6094536781311035,0.015391102677630192,0.30838391184806824
model_d,2025-07-31 02:00:00,1100.0,0.517082691192627,0.6091099381446838,0.016375008784875956,0.308750182390213
model_d,2025-07-31 02:00:00,1150.0,0.5155149102210999,0.6076991558074951,0.0172183568768009,0.30883046984672546
model_d,2025-07-31 02:00:00,1200.0,0.5154120326042175,0.6091253757476807,0.0184131000070279,0.3125278055667877
model_d,2025-07-31 02:00:00,1250.0,0.51514732837677,0.6089861392974854,0.016304729777215546,0.3123461902141571
model_d,2025-07-31 02:00:00,1300.0,0.5130976438522339,0.6079322099685669,0.01686696183849884,0.312348872423172
model_d,2025-07-31 02:00:00,1350.0,0.5126510262489319,0.6071688532829285,0.01764003092276337,0.31261342763900757
model_d,2025-07-31 02:00:00,1400.0,0.510197103023529,0.6066965460777283,0.015812776723592662,0.31411102414131165
model_d,2025-07-31 02:00:00,1450.0,0.5061737895011902,0.6022826433181763,0.016375008784875956,0.3161957859992981
model_d,2025-07-31 02:00:00,1500.0,0.4986962080001831,0.594188392162323,0.008925433972872304,0.314906507730484
model_d,2025-07-31 02:00:00,1550.0,0.4961621165275574,0.5923551321029663,0.009417387026495186,0.31503936648368835
model_d,2025-07-31 02:00:00,1600.0,0.4905981123447418,0.5836401581764221,0.005341204582191299,0.31440529227256775
model_d,2025-07-31 02:00:00,1650.0,0.48634588718414307,0.5819970965385437,0.006184552674116241,0.31454548239707947
model_d,2025-07-31 02:00:00,1700.0,0.47792112827301025,0.5795355439186096,0.004849251528568416,0.3163295090198517
model_d,2025-07-31 02:00:00,1750.0,0.47107407450675964,0.5743326544761658,0.0031625553447185324,0.3153499960899353
model_d,2025-07-31 02:00:00,1800.0,0.47030895948410034,0.5747821927070618,0.0033031133600393563,0.31569159030914307
model_d,2025-07-31 02:00:00,1850.0,0.4683364927768707,0.5729269981384277,0.0035842293906810036,0.3156681954860687
model_d,2025-07-31 02:00:00,1900.0,0.46362540125846863,0.5670611262321472,0.0026706022910956495,0.31500527262687683
model_d,2025-07-31 02:00:00,1950.0,0.4615265130996704,0.5686619281768799,0.0029517183217372973,0.3159746527671814
model_d,2025-07-31 02:00:00,2000.0,0.460778146982193,0.5679290890693665,0.004427577482605946,0.3173609972000122
model_d,2025-07-31 02:30:00,0.0,0.4813307523727417,0.6161166429519653,0.053060650783610934,0.27240657806396484
model_d,2025-07-31 02:30:00,50.0,0.5114445686340332,0.6342748403549194,0.07414435308173449,0.29274165630340576
model_d,2025-07-31 02:30:00,100.0,0.550325334072113,0.6550361514091492,0.14350973364256098,0.2862861752510071
model_d,2025-07-31 02:30:00,150.0,0.5447200536727905,0.6575452089309692,0.12762667791130788,0.27597007155418396
model_d,2025-07-31 02:30:00,200.0,0.5581631660461426,0.672858476638794,0.17583807716635041,0.28074467182159424
model_d,2025-07-31 02:30:00,250.0,0.5670314431190491,0.6705601811408997,0.17970342258767305,0.2823692560195923
model_d,2025-07-31 02:30:00,300.0,0.5750702619552612,0.6699873208999634,0.1799845386183147,0.28388383984565735
model_d,2025-07-31 02:30:00,350.0,0.5711296796798706,0.6658967137336731,0.1675451542624218,0.28409186005592346
model_d,2025-07-31 02:30:00,400.0,0.5617415308952332,0.6611284017562866,0.1418933164663715,0.2853175103664398
model_d,2025-07-31 02:30:00,450.0,0.5541378259658813,0.6601557731628418,0.13746573898376555,0.287005215883255
model_d,2025-07-31 02:30:00,500.0,0.5544335842132568,0.6596046686172485,0.13367067257010332,0.2890765964984894
model_d,2025-07-31 02:30:00,550.0,0.5435114502906799,0.6478895545005798,0.09129243095087497,0.29103732109069824
model_d,2025-07-31 02:30:00,600.0,0.5402447581291199,0.6404332518577576,0.06781924239229742,0.2905414402484894
model_d,2025-07-31 02:30:00,650.0,0.5438910722732544,0.6334075927734375,0.0504603275001757,0.29423654079437256
model_d,2025-07-31 02:30:00,700.0,0.5393046140670776,0.6265037059783936,0.03598285192213086,0.29760417342185974
model_d,2025-07-31 02:30:00,750.0,0.5383657217025757,0.6249959468841553,0.035350340853187154,0.2987804710865021
model_d,2025-07-31 02:30:00,800.0,0.5355352163314819,0.618342936038971,0.024386815658162905,0.3012883961200714
model_d,2025-07-31 02:30:00,850.0,0.5357475280761719,0.6179071664810181,0.018202262984046664,0.30528756976127625
model_d,2025-07-31 02:30:00,900.0,0.534853458404541,0.61858069896698,0.019748401152575725,0.3061559498310089
model_d,2025-07-31 02:30:00,950.0,0.534253716468811,0.6190659403800964,0.02108370229812355,0.3069041073322296
model_d,2025-07-31 02:30:00,1000.0,0.5357411503791809,0.6187115907669067,0.021153981305783963,0.3107483983039856
model_d,2025-07-31 02:30:00,1050.0,0.5322573184967041,0.6185693740844727,0.023262351535596318,0.3116403818130493
model_d,2025-07-31 02:30:00,1100.0,0.5324996709823608,0.6181389093399048,0.025511279780729496,0.3120810091495514
model_d,2025-07-31 02:30:00,1150.0,0.5311970114707947,0.6172614097595215,0.02382458359687961,0.3122059404850006
model_d,2025-07-31 02:30:00,1200.0,0.5312788486480713,0.6158596873283386,0.023965141612200435,0.31484389305114746
model_d,2025-07-31 02:30:00,1250.0,0.5335965156555176,0.6184180378913879,0.025089605734767026,0.31473028659820557
model_d,2025-07-31 02:30:00,1300.0,0.5312142372131348,0.6180278658866882,0.025441000773069083,0.31478118896484375
model_d,2025-07-31 02:30:00,1350.0,0.5306424498558044,0.6176488995552063,0.0237543045892192,0.31497079133987427
model_d,2025-07-31 02:30:00,1400.0,0.5267650485038757,0.6145420670509338,0.021153981305783963,0.31623905897140503
model_d,2025-07-31 02:30:00,1450.0,0.5224918127059937,0.6120877265930176,0.019397006114273665,0.31813961267471313
model_d,2025-07-31 02:30:00,1500.0,0.5153121948242188,0.6042364239692688,0.011736594279288776,0.3169665038585663
model_d,2025-07-31 02:30:00,1550.0,0.5130371451377869,0.603164553642273,0.012298826340572071,0.3172549605369568
model_d,2025-07-31 02:30:00,1600.0,0.5071530938148499,0.593827486038208,0.007590132827324478,0.31668534874916077
model_d,2025-07-31 02:30:00,1650.0,0.5026329159736633,0.5900368094444275,0.007449574812003655,0.3170866370201111
model_d,2025-07-31 02:30:00,1700.0,0.49726662039756775,0.5882540941238403,0.007379295804343242,0.31942445039749146
model_d,2025-07-31 02:30:00,1750.0,0.4926716089248657,0.5859619379043579,0.00801180687328695,0.3187011480331421
model_d,2025-07-31 02:30:00,1800.0,0.49212491512298584,0.5862281322479248,0.00801180687328695,0.3191036880016327
model_d,2025-07-31 02:30:00,1850.0,0.4909419119358063,0.5867363810539246,0.008363201911589008,0.3191904127597809
model_d,2025-07-31 02:30:00,1900.0,0.48641788959503174,0.5802294015884399,0.006325110689437065,0.3185482621192932
model_d,2025-07-31 02:30:00,1950.0,0.4847864508628845,0.5806446075439453,0.0078009698503057135,0.3198457360267639
model_d,2025-07-31 02:30:00,2000.0,0.48283085227012634,0.5825628042221069,0.010120177103099304,0.32131683826446533
model_d,2025-07-31 03:00:00,0.0,0.48018863797187805,0.677671492099762,0.13528708974629278,0.27246567606925964
model_d,2025-07-31 03:00:00,50.0,0.5046660304069519,0.6581864953041077,0.12256658935975824,0.29334819316864014
model_d,2025-07-31 03:00:00,100.0,0.5308212041854858,0.6566677689552307,0.14168247944339027,0.2879699766635895
model_d,2025-07-31 03:00:00,150.0,0.5317413806915283,0.6553314328193665,0.12305854241338113,0.27675849199295044
model_d,2025-07-31 03:00:00,200.0,0.5461462140083313,0.6702916026115417,0.18392016304729777,0.2818530201911926
model_d,2025-07-31 03:00:00,250.0,0.5529212355613708,0.6689582467079163,0.18497434816220396,0.2852851450443268
model_d,2025-07-31 03:00:00,300.0,0.5574453473091125,0.662266731262207,0.1484292641787898,0.28926777839660645
model_d,2025-07-31 03:00:00,350.0,0.5532832145690918,0.6546745896339417,0.11778761683885024,0.29071834683418274
model_d,2025-07-31 03:00:00,400.0,0.5456587672233582,0.6474501490592957,0.08981657179000632,0.29271990060806274
model_d,2025-07-31 03:00:00,450.0,0.5453183650970459,0.648512601852417,0.09445498629559351,0.2936278283596039
model_d,2025-07-31 03:00:00,500.0,0.549764096736908,0.6502267122268677,0.10056925996204934,0.2952579855918884
model_d,2025-07-31 03:00:00,550.0,0.5429089069366455,0.6448500156402588,0.0789936046103029,0.29720744490623474
model_d,2025-07-31 03:00:00,600.0,0.5406729578971863,0.641990065574646,0.0695059385761473,0.2963520288467407
model_d,2025-07-31 03:00:00,650.0,0.5480350852012634,0.6403326392173767,0.061494131702860354,0.3003655672073364
model_d,2025-07-31 03:00:00,700.0,0.5480918288230896,0.6382341980934143,0.05467706795980041,0.3018641173839569
model_d,2025-07-31 03:00:00,750.0,0.5492641925811768,0.6384269595146179,0.0528498137606297,0.3015230894088745
model_d,2025-07-31 03:00:00,800.0,0.5474580526351929,0.6319912075996399,0.03781010612130157,0.3039238452911377
model_d,2025-07-31 03:00:00,850.0,0.5461289882659912,0.6258438229560852,0.02986857825567503,0.30676040053367615
model_d,2025-07-31 03:00:00,900.0,0.54402756690979,0.6267368793487549,0.032820296577412325,0.30653834342956543
model_d,2025-07-31 03:00:00,950.0,0.5438082814216614,0.6272669434547424,0.03717759505235786,0.30688798427581787
model_d,2025-07-31 03:00:00,1000.0,0.5418545603752136,0.6232612133026123,0.030360531309297913,0.30908384919166565
model_d,2025-07-31 03:00:00,1050.0,0.5367028117179871,0.6206187605857849,0.02600323283435238,0.3079647421836853
model_d,2025-07-31 03:00:00,1100.0,0.5373802781105042,0.6210867166519165,0.02797104504884391,0.3080546259880066
model_d,2025-07-31 03:00:00,1150.0,0.5356672406196594,0.6205573081970215,0.02944690420971256,0.30806735157966614
model_d,2025-07-31 03:00:00,1200.0,0.5301397442817688,0.6162804961204529,0.023613746573898378,0.3108918070793152
model_d,2025-07-31 03:00:00,1250.0,0.5296279191970825,0.6170791983604431,0.027760208025862675,0.313385546207428
model_d,2025-07-31 03:00:00,1300.0,0.5276090502738953,0.6171348094940186,0.02902523016375009,0.3136046230792999
model_d,2025-07-31 03:00:00,1350.0,0.5271710157394409,0.6163892149925232,0.028392719094806382,0.3139039874076843
model_d,2025-07-31 03:00:00,1400.0,0.5220227837562561,0.6116318106651306,0.02347318855857755,0.31453555822372437
model_d,2025-07-31 03:00:00,1450.0,0.5168598294258118,0.6084821820259094,0.017429193899782137,0.31616032123565674
model_d,2025-07-31 03:00:00,1500.0,0.5118701457977295,0.6030238270759583,0.014055801532082367,0.31539133191108704
model_d,2025-07-31 03:00:00,1550.0,0.5094777345657349,0.6020493507385254,0.015742497715932252,0.31564444303512573
model_d,2025-07-31 03:00:00,1600.0,0.503870964050293,0.593471109867096,0.00990934008011807,0.315185010433197
model_d,2025-07-31 03:00:00,1650.0,0.4979548752307892,0.5896836519241333,0.00878487595755148,0.3151276409626007
model_d,2025-07-31 03:00:00,1700.0,0.4883192181587219,0.5820271372795105,0.005130367559210064,0.31624966859817505
model_d,2025-07-31 03:00:00,1750.0,0.48500242829322815,0.5784176588058472,0.004638414505587181,0.3159879446029663
model_d,2025-07-31 03:00:00,1800.0,0.48397547006607056,0.5776724815368652,0.004427577482605946,0.31631094217300415
model_d,2025-07-31 03:00:00,1850.0,0.4821918308734894,0.5771505832672119,0.004638414505587181,0.3163595497608185
model_d,2025-07-31 03:00:00,1900.0,0.4781605303287506,0.5726912021636963,0.0030922763370581207,0.31588685512542725
model_d,2025-07-31 03:00:00,1950.0,0.47609999775886536,0.5721486806869507,0.003373392367699768,0.31662610173225403
model_d,2025-07-31 03:00:00,2000.0,0.4776877760887146,0.5759500861167908,0.007168458781362007,0.31816720962524414
model_d,2025-07-31 03:30:00,0.0,0.4680177867412567,0.5791086554527283,0.008503759926909831,0.2725750207901001
model_d,2025-07-31 03:30:00,50.0,0.5081709623336792,0.6212560534477234,0.05601236910534823,0.2932097017765045
model_d,2025-07-31 03:30:00,100.0,0.5437816381454468,0.6576854586601257,0.16656124815517606,0.28595632314682007
model_d,2025-07-31 03:30:00,150.0,0.5439004898071289,0.6679373979568481,0.19200224892824513,0.2773236036300659
model_d,2025-07-31 03:30:00,200.0,0.5551843047142029,0.6818886399269104,0.24260313444374165,0.2820310890674591
model_d,2025-07-31 03:30:00,250.0,0.5574495792388916,0.6812304854393005,0.2286878909269801,0.2854042053222656
model_d,2025-07-31 03:30:00,300.0,0.564501166343689,0.6790592670440674,0.21055590695059387,0.29010990262031555
model_d,2025-07-31 03:30:00,350.0,0.5597981810569763,0.6703752875328064,0.18258486190174994,0.2921347916126251
model_d,2025-07-31 03:30:00,400.0,0.5554831624031067,0.6630150675773621,0.15229460960011246,0.29358458518981934
model_d,2025-07-31 03:30:00,450.0,0.555743932723999,0.6607287526130676,0.14702368402558155,0.2952774465084076
model_d,2025-07-31 03:30:00,500.0,0.5596226453781128,0.6603036522865295,0.1454775458570525,0.29783594608306885
model_d,2025-07-31 03:30:00,550.0,0.5518256425857544,0.6518649458885193,0.10837022981235504,0.3002857267856598
model_d,2025-07-31 03:30:00,600.0,0.544817328453064,0.6464952826499939,0.08827043362147727,0.30114394426345825
model_d,2025-07-31 03:30:00,650.0,0.5544769167900085,0.6477975249290466,0.09269801110408321,0.30557239055633545
model_d,2025-07-31 03:30:00,700.0,0.5518893003463745,0.6435100436210632,0.07807997751071755,0.30798396468162537
model_d,2025-07-31 03:30:00,750.0,0.55350661277771,0.6439432501792908,0.07702579239581137,0.3087019920349121
model_d,2025-07-31 03:30:00,800.0,0.5535587072372437,0.6380193829536438,0.060369667580293766,0.31051501631736755
model_d,2025-07-31 03:30:00,850.0,0.5554796457290649,0.6356776356697083,0.049898095438892405,0.3123714327812195
model_d,2025-07-31 03:30:00,900.0,0.5537903308868408,0.6353552341461182,0.04933586337760911,0.3118077218532562
model_d,2025-07-31 03:30:00,950.0,0.5546131134033203,0.6366904377937317,0.051092838569119406,0.3120937645435333
model_d,2025-07-31 03:30:00,1000.0,0.5565019845962524,0.635528028011322,0.05102255956145899,0.3116174042224884
model_d,2025-07-31 03:30:00,1050.0,0.552295982837677,0.6355150938034058,0.05179562864572352,0.30939507484436035
model_d,2025-07-31 03:30:00,1100.0,0.5523169040679932,0.6355118155479431,0.053271487806592174,0.30934908986091614
model_d,2025-07-31 03:30:00,1150.0,0.5503599643707275,0.6339724063873291,0.05102255956145899,0.3091091513633728
model_d,2025-07-31 03:30:00,1200.0,0.5477410554885864,0.6309704780578613,0.0463138660482114,0.30988895893096924
model_d,2025-07-31 03:30:00,1250.0,0.5471798181533813,0.6298802495002747,0.048843910323986224,0.3103460669517517
model_d,2025-07-31 03:30:00,1300.0,0.5434211492538452,0.628706693649292,0.04659498207885305,0.3103709816932678
model_d,2025-07-31 03:30:00,1350.0,0.5422418117523193,0.6264790892601013,0.043151310703492866,0.31031742691993713
model_d,2025-07-31 03:30:00,1400.0,0.537657618522644,0.6215261220932007,0.031484995431864504,0.3102235198020935
model_d,2025-07-31 03:30:00,1450.0,0.5307027697563171,0.6111629009246826,0.013844964509101132,0.3108777105808258
model_d,2025-07-31 03:30:00,1500.0,0.5221236944198608,0.6020788550376892,0.008082085880947361,0.30984237790107727
model_d,2025-07-31 03:30:00,1550.0,0.5183627605438232,0.6000606417655945,0.00801180687328695,0.3096882700920105
model_d,2025-07-31 03:30:00,1600.0,0.5118884444236755,0.5919997096061707,0.00421674045962471,0.30877047777175903
model_d,2025-07-31 03:30:00,1650.0,0.5066128373146057,0.5881516933441162,0.00421674045962471,0.3081987798213959
model_d,2025-07-31 03:30:00,1700.0,0.5002388954162598,0.5850844979286194,0.003021997329397709,0.30869051814079285
model_d,2025-07-31 03:30:00,1750.0,0.4918145537376404,0.5810468792915344,0.0032328343523789446,0.3076064884662628
model_d,2025-07-31 03:30:00,1800.0,0.4902757704257965,0.5807145237922668,0.003935624428983063,0.3078783452510834
model_d,2025-07-31 03:30:00,1850.0,0.48792263865470886,0.5795931816101074,0.004497856490266358,0.307789146900177
model_d,2025-07-31 03:30:00,1900.0,0.4836931526660919,0.5746446251869202,0.0033031133600393563,0.30716225504875183
model_d,2025-07-31 03:30:00,1950.0,0.4837261438369751,0.5775773525238037,0.005481762597512123,0.3085559010505676
model_d,2025-07-31 03:30:00,2000.0,0.4913504719734192,0.588723361492157,0.014055801532082367,0.31215178966522217
model_d,2025-07-31 04:00:00,0.0,0.4480777382850647,0.5812532901763916,0.04561107597160728,0.27391621470451355
model_d,2025-07-31 04:00:00,50.0,0.4792722165584564,0.6113482713699341,0.048492515285684164,0.29324808716773987
model_d,2025-07-31 04:00:00,100.0,0.5275611877441406,0.6629547476768494,0.2114695340501792,0.28562116622924805
model_d,2025-07-31 04:00:00,150.0,0.5404180288314819,0.6722684502601624,0.2203949680230515,0.2757898271083832
model_d,2025-07-31 04:00:00,200.0,0.5551143884658813,0.6825933456420898,0.2565183779605032,0.2789911925792694
model_d,2025-07-31 04:00:00,250.0,0.5575029253959656,0.6810912489891052,0.2357860707006817,0.28104931116104126
model_d,2025-07-31 04:00:00,300.0,0.5595194697380066,0.6769778728485107,0.2097828378663293,0.28446757793426514
model_d,2025-07-31 04:00:00,350.0,0.5505181550979614,0.6694755554199219,0.17028603556117788,0.28596681356430054
model_d,2025-07-31 04:00:00,400.0,0.5427210330963135,0.6610907912254333,0.1389415981446342,0.28804826736450195
model_d,2025-07-31 04:00:00,450.0,0.5403354167938232,0.6582450270652771,0.12734556188066626,0.2899348735809326
model_d,2025-07-31 04:00:00,500.0,0.5456328392028809,0.6560356020927429,0.123550495467004,0.29264283180236816
model_d,2025-07-31 04:00:00,550.0,0.5414029955863953,0.6485490798950195,0.09494693934921639,0.2953832745552063
model_d,2025-07-31 04:00:00,600.0,0.537350594997406,0.6441290378570557,0.08398341415419214,0.29559633135795593
model_d,2025-07-31 04:00:00,650.0,0.5466600656509399,0.6435419321060181,0.07793941949539672,0.3006609380245209
model_d,2025-07-31 04:00:00,700.0,0.5437644124031067,0.6388095021247864,0.062337479794785294,0.3043075203895569
model_d,2025-07-31 04:00:00,750.0,0.5462368130683899,0.6411125659942627,0.06795980040761825,0.30507782101631165
model_d,2025-07-31 04:00:00,800.0,0.5465579032897949,0.636296808719635,0.05060088551549652,0.30715301632881165
model_d,2025-07-31 04:00:00,850.0,0.5488901138305664,0.6320990920066833,0.04399465879541781,0.3099997341632843
model_d,2025-07-31 04:00:00,900.0,0.5490838885307312,0.6331055164337158,0.047368051163117576,0.310202419757843
model_d,2025-07-31 04:00:00,950.0,0.5505674481391907,0.6356772780418396,0.05235786070700682,0.3108579218387604
model_d,2025-07-31 04:00:00,1000.0,0.5530072450637817,0.634318470954895,0.05214702368402558,0.3139724135398865
model_d,2025-07-31 04:00:00,1050.0,0.5525474548339844,0.6360340118408203,0.057488228266216884,0.3146509826183319
model_d,2025-07-31 04:00:00,1100.0,0.5545864105224609,0.6377140879631042,0.06015883055731253,0.3150782585144043
model_d,2025-07-31 04:00:00,1150.0,0.5540027022361755,0.6381340026855469,0.06191580574882283,0.31526264548301697
model_d,2025-07-31 04:00:00,1200.0,0.5536629557609558,0.6399699449539185,0.064164733993956,0.31817924976348877
model_d,2025-07-31 04:00:00,1250.0,0.5561330318450928,0.6425567865371704,0.07084123972169513,0.3200605809688568
model_d,2025-07-31 04:00:00,1300.0,0.553774893283844,0.6428729891777039,0.07280905193618666,0.3200380504131317
model_d,2025-07-31 04:00:00,1350.0,0.5535781383514404,0.6430683732032776,0.07491742216599902,0.3202221095561981
model_d,2025-07-31 04:00:00,1400.0,0.5502221584320068,0.643246054649353,0.0742146320893949,0.3207690119743347
model_d,2025-07-31 04:00:00,1450.0,0.5460289716720581,0.642471432685852,0.0736524000281116,0.3222440779209137
model_d,2025-07-31 04:00:00,1500.0,0.5394691228866577,0.6364363431930542,0.05467706795980041,0.32109755277633667
model_d,2025-07-31 04:00:00,1550.0,0.5373029112815857,0.6362538933753967,0.05650432215897112,0.3212459683418274
model_d,2025-07-31 04:00:00,1600.0,0.5307397246360779,0.6282572150230408,0.04490828589500316,0.32052573561668396
model_d,2025-07-31 04:00:00,1650.0,0.5254855155944824,0.626514732837677,0.0457516339869281,0.32026562094688416
model_d,2025-07-31 04:00:00,1700.0,0.517798125743866,0.6244160532951355,0.04251879963454916,0.32109084725379944
model_d,2025-07-31 04:00:00,1750.0,0.5128977298736572,0.622249186038971,0.04062126642771804,0.3193286657333374
model_d,2025-07-31 04:00:00,1800.0,0.5120811462402344,0.6221148371696472,0.04048070841239722,0.31970521807670593
model_d,2025-07-31 04:00:00,1850.0,0.5098994970321655,0.6214439868927002,0.0392156862745098,0.31969624757766724
model_d,2025-07-31 04:00:00,1900.0,0.5042402148246765,0.6151413321495056,0.030149694286316676,0.31895285844802856
model_d,2025-07-31 04:00:00,1950.0,0.5022004246711731,0.6149522662162781,0.032328343523789445,0.31959477066993713
model_d,2025-07-31 04:00:00,2000.0,0.5029633641242981,0.616696298122406,0.03359336566167686,0.3209265470504761
model_d,2025-07-31 04:30:00,0.0,0.42954325675964355,0.556564450263977,0.010752688172043012,0.2742716073989868
model_d,2025-07-31 04:30:00,50.0,0.46161478757858276,0.6008955836296082,0.013071895424836602,0.293652206659317
model_d,2025-07-31 04:30:00,100.0,0.5188047289848328,0.6596493124961853,0.17443249701314217,0.28525179624557495
model_d,2025-07-31 04:30:00,150.0,0.5353690981864929,0.6671072840690613,0.18328765197835406,0.2769666910171509
model_d,2025-07-31 04:30:00,200.0,0.5545842051506042,0.6823878288269043,0.2528638695621618,0.2789889872074127
model_d,2025-07-31 04:30:00,250.0,0.5612248778343201,0.6845855116844177,0.2675521821631879,0.2799374461174011
model_d,2025-07-31 04:30:00,300.0,0.5680914521217346,0.6871486902236938,0.2730339447607,0.2818024158477783
model_d,2025-07-31 04:30:00,350.0,0.5620494484901428,0.6838091015815735,0.23550495467004007,0.2825728952884674
model_d,2025-07-31 04:30:00,400.0,0.5526455044746399,0.6746335029602051,0.18687188136903507,0.28415054082870483
model_d,2025-07-31 04:30:00,450.0,0.5451635122299194,0.6643698811531067,0.14800759013282733,0.28666722774505615
model_d,2025-07-31 04:30:00,500.0,0.5471076965332031,0.6602466106414795,0.13388150959308454,0.28994250297546387
model_d,2025-07-31 04:30:00,550.0,0.5369237661361694,0.6465373039245605,0.08939489774404386,0.2933122217655182
model_d,2025-07-31 04:30:00,600.0,0.5323604345321655,0.6385098099708557,0.06753812636165578,0.29434096813201904
model_d,2025-07-31 04:30:00,650.0,0.5419623851776123,0.6382113695144653,0.06247803781010612,0.2989717721939087
model_d,2025-07-31 04:30:00,700.0,0.5408380627632141,0.6353614926338196,0.05334176681425258,0.30271366238594055
model_d,2025-07-31 04:30:00,750.0,0.5431904196739197,0.6377971768379211,0.05608264811300864,0.30385568737983704
model_d,2025-07-31 04:30:00,800.0,0.543508768081665,0.6346320509910583,0.046876098109494696,0.3062193989753723
model_d,2025-07-31 04:30:00,850.0,0.5452308654785156,0.6337762475013733,0.04525968093330522,0.3099658489227295
model_d,2025-07-31 04:30:00,900.0,0.5453711152076721,0.633971631526947,0.04863307330100499,0.31090614199638367
model_d,2025-07-31 04:30:00,950.0,0.5460342764854431,0.6348391771316528,0.05334176681425258,0.3115418553352356
model_d,2025-07-31 04:30:00,1000.0,0.5483328700065613,0.6343181729316711,0.05397427788319629,0.31512150168418884
model_d,2025-07-31 04:30:00,1050.0,0.5477758049964905,0.6369041204452515,0.05826129735048141,0.31692925095558167
model_d,2025-07-31 04:30:00,1100.0,0.5497068166732788,0.6380531191825867,0.06339166490969148,0.31763583421707153
model_d,2025-07-31 04:30:00,1150.0,0.5496721863746643,0.6386946439743042,0.0647269660552393,0.3179834187030792
model_d,2025-07-31 04:30:00,1200.0,0.5487238764762878,0.639678955078125,0.06613254620844754,0.3206617534160614
model_d,2025-07-31 04:30:00,1250.0,0.5507169961929321,0.6413050293922424,0.06880314849954319,0.32185158133506775
model_d,2025-07-31 04:30:00,1300.0,0.5486943125724792,0.6420347690582275,0.07112235575233677,0.321899950504303
model_d,2025-07-31 04:30:00,1350.0,0.548904538154602,0.6425835490226746,0.07105207674467637,0.32217276096343994
model_d,2025-07-31 04:30:00,1400.0,0.5447817444801331,0.6408005356788635,0.06704617330803289,0.3226083815097809
model_d,2025-07-31 04:30:00,1450.0,0.540661096572876,0.6396665573120117,0.06542975613184342,0.32353007793426514
model_d,2025-07-31 04:30:00,1500.0,0.5350131392478943,0.6332009434700012,0.044275774826059454,0.32221195101737976
model_d,2025-07-31 04:30:00,1550.0,0.5324317812919617,0.6315547227859497,0.0445568908567011,0.32220256328582764
model_d,2025-07-31 04:30:00,1600.0,0.5257136821746826,0.6210995316505432,0.02986857825567503,0.32136523723602295
model_d,2025-07-31 04:30:00,1650.0,0.51978600025177,0.6163832545280457,0.02825216107948556,0.3208405673503876
model_d,2025-07-31 04:30:00,1700.0,0.5123313069343567,0.6136367917060852,0.023121793520275494,0.32083961367607117
model_d,2025-07-31 04:30:00,1750.0,0.5078154802322388,0.6084907650947571,0.020521470236840256,0.31933358311653137
model_d,2025-07-31 04:30:00,1800.0,0.5061576962471008,0.6074601411819458,0.02024035420619861,0.3194652199745178
model_d,2025-07-31 04:30:00,1850.0,0.5034854412078857,0.6061791181564331,0.02024035420619861,0.31928741931915283
model_d,2025-07-31 04:30:00,1900.0,0.49738091230392456,0.5997574925422668,0.01412608053974278,0.31844258308410645
model_d,2025-07-31 04:30:00,1950.0,0.49500593543052673,0.6010094881057739,0.016726403823178016,0.31875547766685486
model_d,2025-07-31 04:30:00,2000.0,0.4948229491710663,0.602850615978241,0.022489282451331787,0.3193660080432892
model_d,2025-07-31 05:00:00,0.0,0.4207857549190521,0.5350814461708069,0.000843348091924942,0.2725731432437897
model_d,2025-07-31 05:00:00,50.0,0.45225727558135986,0.5941827893257141,0.0037247874060018274,0.292507529258728
model_d,2025-07-31 05:00:00,100.0,0.5029824376106262,0.6546252965927124,0.1269941668423642,0.2836865186691284
model_d,2025-07-31 05:00:00,150.0,0.5349867939949036,0.6650949120521545,0.16466371494834492,0.27568793296813965
model_d,2025-07-31 05:00:00,200.0,0.5662557482719421,0.6812942028045654,0.23128821421041534,0.27840307354927063
model_d,2025-07-31 05:00:00,250.0,0.5767509937286377,0.6852461099624634,0.2655140909410359,0.27917343378067017
model_d,2025-07-31 05:00:00,300.0,0.584663987159729,0.6883058547973633,0.2986155035490899,0.2802773714065552
model_d,2025-07-31 05:00:00,350.0,0.5822166800498962,0.6878144145011902,0.2843488649940263,0.28009364008903503
model_d,2025-07-31 05:00:00,400.0,0.5770227909088135,0.6830790042877197,0.2551830768149554,0.2803850769996643
model_d,2025-07-31 05:00:00,450.0,0.5702692866325378,0.6787689328193665,0.22419003443671376,0.2815355360507965
model_d,2025-07-31 05:00:00,500.0,0.5686889290809631,0.6729066371917725,0.20507414435308174,0.2837580442428589
model_d,2025-07-31 05:00:00,550.0,0.5537380576133728,0.6568957567214966,0.12931337409515778,0.28724178671836853
model_d,2025-07-31 05:00:00,600.0,0.5437849164009094,0.6461482048034668,0.08398341415419214,0.2896435856819153
model_d,2025-07-31 05:00:00,650.0,0.5495670437812805,0.6427849531173706,0.07379295804343243,0.2940673530101776
model_d,2025-07-31 05:00:00,700.0,0.5449668765068054,0.6367405652999878,0.05320120879893176,0.29803988337516785
model_d,2025-07-31 05:00:00,750.0,0.5442105531692505,0.6360995173454285,0.04814112024738211,0.29993999004364014
model_d,2025-07-31 05:00:00,800.0,0.5451592206954956,0.6314287185668945,0.036053130929791274,0.30257314443588257
model_d,2025-07-31 05:00:00,850.0,0.5463935732841492,0.6290120482444763,0.0302902523016375,0.3070484399795532
model_d,2025-07-31 05:00:00,900.0,0.5454685688018799,0.6307356953620911,0.03289057558507274,0.30872642993927
model_d,2025-07-31 05:00:00,950.0,0.5458893775939941,0.6310644745826721,0.036193688945112094,0.3092195391654968
model_d,2025-07-31 05:00:00,1000.0,0.5479937791824341,0.6295692920684814,0.03781010612130157,0.3124854564666748
model_d,2025-07-31 05:00:00,1050.0,0.5483697652816772,0.632522702217102,0.047016656124815516,0.314859002828598
model_d,2025-07-31 05:00:00,1100.0,0.5494472980499268,0.6330443620681763,0.05221730269168599,0.3155021071434021
model_d,2025-07-31 05:00:00,1150.0,0.5485953688621521,0.6330341100692749,0.05242813971466723,0.31555864214897156
model_d,2025-07-31 05:00:00,1200.0,0.5480261445045471,0.6329658627510071,0.05277953475296929,0.3182823061943054
model_d,2025-07-31 05:00:00,1250.0,0.5496554970741272,0.6339923739433289,0.054958183990442055,0.3200056254863739
model_d,2025-07-31 05:00:00,1300.0,0.5469021201133728,0.6339423060417175,0.053060650783610934,0.31990689039230347
model_d,2025-07-31 05:00:00,1350.0,0.5468810200691223,0.6337247490882874,0.052076744676365166,0.3200737237930298
model_d,2025-07-31 05:00:00,1400.0,0.5430529117584229,0.6309587955474854,0.04441633284138028,0.32027849555015564
model_d,2025-07-31 05:00:00,1450.0,0.5400148630142212,0.6292400360107422,0.041464614519642985,0.32098448276519775
model_d,2025-07-31 05:00:00,1500.0,0.5333228707313538,0.6210519075393677,0.028744114133108442,0.3197537064552307
model_d,2025-07-31 05:00:00,1550.0,0.5307714939117432,0.6203587651252747,0.02979829924801462,0.31965842843055725
model_d,2025-07-31 05:00:00,1600.0,0.5242813229560852,0.6113618612289429,0.01883477405299037,0.31876298785209656
model_d,2025-07-31 05:00:00,1650.0,0.5187926292419434,0.6065049171447754,0.0196078431372549,0.31817254424095154
model_d,2025-07-31 05:00:00,1700.0,0.5122607946395874,0.6030275821685791,0.018483379014688314,0.31823980808258057
model_d,2025-07-31 05:00:00,1750.0,0.5059706568717957,0.5996512174606323,0.017429193899782137,0.3168405592441559
model_d,2025-07-31 05:00:00,1800.0,0.5037527084350586,0.5981842279434204,0.0172183568768009,0.31676602363586426
model_d,2025-07-31 05:00:00,1850.0,0.5005542635917664,0.5970425605773926,0.016164171761894722,0.3163972795009613
model_d,2025-07-31 05:00:00,1900.0,0.49384546279907227,0.5906144380569458,0.012509663363553306,0.31535133719444275
model_d,2025-07-31 05:00:00,1950.0,0.49183493852615356,0.5917919874191284,0.013704406493780307,0.31557944416999817
model_d,2025-07-31 05:00:00,2000.0,0.49358776211738586,0.5952940583229065,0.0172183568768009,0.31641578674316406
model_d,2025-07-31 05:30:00,0.0,0.39815253019332886,0.5497991442680359,0.006817063743059948,0.286359578371048
model_d,2025-07-31 05:30:00,50.0,0.42991122603416443,0.5963056087493896,0.01953756412959449,0.30562925338745117
model_d,2025-07-31 05:30:00,100.0,0.48468872904777527,0.6570424437522888,0.14301778058893808,0.2966466546058655
model_d,2025-07-31 05:30:00,150.0,0.5246211886405945,0.6666852235794067,0.17379998594419846,0.28888264298439026
model_d,2025-07-31 05:30:00,200.0,0.5526782274246216,0.6755611300468445,0.21990301496942863,0.29140934348106384
model_d,2025-07-31 05:30:00,250.0,0.5664849281311035,0.675274670124054,0.23086654016445288,0.29183682799339294
model_d,2025-07-31 05:30:00,300.0,0.5732797980308533,0.6756380200386047,0.2316396092487174,0.29347625374794006
model_d,2025-07-31 05:30:00,350.0,0.5695162415504456,0.6726005673408508,0.2143509733642561,0.29376742243766785
model_d,2025-07-31 05:30:00,400.0,0.5629878640174866,0.6696140170097351,0.19305643404315131,0.2949782609939575
model_d,2025-07-31 05:30:00,450.0,0.5577846765518188,0.6683974266052246,0.18680160236137466,0.2972438931465149
model_d,2025-07-31 05:30:00,500.0,0.559425950050354,0.666427731513977,0.173378311898236,0.30013665556907654
model_d,2025-07-31 05:30:00,550.0,0.549569845199585,0.654078483581543,0.11610092065500036,0.3036437928676605
model_d,2025-07-31 05:30:00,600.0,0.544395387172699,0.6461224555969238,0.08384285613887132,0.3042445182800293
model_d,2025-07-31 05:30:00,650.0,0.5531584024429321,0.6438766717910767,0.0766041183498489,0.3074232339859009
model_d,2025-07-31 05:30:00,700.0,0.5500363707542419,0.6404595375061035,0.06430529200927683,0.30875325202941895
model_d,2025-07-31 05:30:00,750.0,0.5483621954917908,0.6370266079902649,0.05573125307470658,0.30996185541152954
model_d,2025-07-31 05:30:00,800.0,0.5489855408668518,0.6324166655540466,0.04350270574179493,0.312559574842453
model_d,2025-07-31 05:30:00,850.0,0.5513650178909302,0.6296191215515137,0.03717759505235786,0.3177124559879303
model_d,2025-07-31 05:30:00,900.0,0.5503161549568176,0.6296786665916443,0.03759926909832033,0.3202919661998749
model_d,2025-07-31 05:30:00,950.0,0.5509234666824341,0.6303847432136536,0.042448520626888746,0.3210872411727905
model_d,2025-07-31 05:30:00,1000.0,0.5541587471961975,0.6287685036659241,0.04019959238175557,0.32587870955467224
model_d,2025-07-31 05:30:00,1050.0,0.5541149973869324,0.6306517720222473,0.04603275001756975,0.33034881949424744
model_d,2025-07-31 05:30:00,1100.0,0.5554125905036926,0.6324325203895569,0.04821139925504252,0.33151304721832275
model_d,2025-07-31 05:30:00,1150.0,0.5552259683609009,0.6325486302375793,0.05060088551549652,0.33194395899772644
model_d,2025-07-31 05:30:00,1200.0,0.5562829971313477,0.6333807706832886,0.05214702368402558,0.3354299068450928
model_d,2025-07-31 05:30:00,1250.0,0.558971107006073,0.6354825496673584,0.056996275212594,0.3377436101436615
model_d,2025-07-31 05:30:00,1300.0,0.5570862293243408,0.6352468729019165,0.0564340431513107,0.3378952145576477
model_d,2025-07-31 05:30:00,1350.0,0.5575340390205383,0.6356162428855896,0.055309579028744116,0.3383403420448303
model_d,2025-07-31 05:30:00,1400.0,0.55369633436203,0.6328122615814209,0.0480708412397217,0.33905255794525146
model_d,2025-07-31 05:30:00,1450.0,0.5505249500274658,0.6323678493499756,0.04673554009417387,0.34081825613975525
model_d,2025-07-31 05:30:00,1500.0,0.5431947708129883,0.6249053478240967,0.026706022910956497,0.3400432765483856
model_d,2025-07-31 05:30:00,1550.0,0.5407903790473938,0.623334527015686,0.02684658092627732,0.3400678336620331
model_d,2025-07-31 05:30:00,1600.0,0.533532440662384,0.6128971576690674,0.016585845807857193,0.3391917943954468
model_d,2025-07-31 05:30:00,1650.0,0.5279688239097595,0.6079320311546326,0.016515566800196783,0.33879244327545166
model_d,2025-07-31 05:30:00,1700.0,0.5206313729286194,0.6042707562446594,0.011596036263967952,0.33901557326316833
model_d,2025-07-31 05:30:00,1750.0,0.5149308443069458,0.6028940081596375,0.009417387026495186,0.33762937784194946
model_d,2025-07-31 05:30:00,1800.0,0.5138558149337769,0.6016175150871277,0.010822967179703423,0.33773306012153625
model_d,2025-07-31 05:30:00,1850.0,0.5119539499282837,0.6010376214981079,0.012017710309930424,0.33759281039237976
model_d,2025-07-31 05:30:00,1900.0,0.5051641464233398,0.5948886871337891,0.008503759926909831,0.3365779519081116
model_d,2025-07-31 05:30:00,1950.0,0.5030320286750793,0.5955612659454346,0.012369105348232483,0.33675840497016907
model_d,2025-07-31 05:30:00,2000.0,0.5032601356506348,0.5972828269004822,0.016234450769555132,0.33734095096588135
model_d,2025-07-31 06:00:00,0.0,0.4070394039154053,0.5356003642082214,0.007168458781362007,0.34864330291748047
model_d,2025-07-31 06:00:00,50.0,0.4291043281555176,0.5991641283035278,0.022489282451331787,0.3662673830986023
model_d,2025-07-31 06:00:00,100.0,0.4765230417251587,0.6462559103965759,0.08046946377117155,0.3583870828151703
model_d,2025-07-31 06:00:00,150.0,0.5078373551368713,0.6355451941490173,0.05959659849602924,0.3518620729446411
model_d,2025-07-31 06:00:00,200.0,0.5286303162574768,0.6454526782035828,0.08250755499332349,0.35711851716041565
model_d,2025-07-31 06:00:00,250.0,0.5391117334365845,0.6443157196044922,0.08285895003162555,0.3589158058166504
model_d,2025-07-31 06:00:00,300.0,0.5517328381538391,0.6453436613082886,0.08250755499332349,0.3616546094417572
model_d,2025-07-31 06:00:00,350.0,0.5494747161865234,0.6412981152534485,0.07196570384426172,0.3619326949119568
model_d,2025-07-31 06:00:00,400.0,0.5465553402900696,0.6397747993469238,0.06676505727739124,0.3629303574562073
model_d,2025-07-31 06:00:00,450.0,0.5431150794029236,0.6384966373443604,0.06163468971818118,0.3645963668823242
model_d,2025-07-31 06:00:00,500.0,0.5460268259048462,0.6385407447814941,0.06043994658795418,0.367145836353302
model_d,2025-07-31 06:00:00,550.0,0.5357975959777832,0.6285819411277771,0.033663644669337266,0.36970844864845276
model_d,2025-07-31 06:00:00,600.0,0.5285326242446899,0.6209529638290405,0.020380912221519432,0.3703872859477997
model_d,2025-07-31 06:00:00,650.0,0.5395826697349548,0.6208853721618652,0.01679668283083843,0.37379905581474304
model_d,2025-07-31 06:00:00,700.0,0.5372802019119263,0.6158926486968994,0.008152364888607773,0.37565213441848755
model_d,2025-07-31 06:00:00,750.0,0.5378162860870361,0.6146745085716248,0.005973715651135006,0.377341091632843
model_d,2025-07-31 06:00:00,800.0,0.5394448041915894,0.6100159883499146,0.005270925574530887,0.37965232133865356
model_d,2025-07-31 06:00:00,850.0,0.5456205010414124,0.6125352382659912,0.0037247874060018274,0.3848857879638672
model_d,2025-07-31 06:00:00,900.0,0.5453926920890808,0.61342453956604,0.004919530536228829,0.38714510202407837
model_d,2025-07-31 06:00:00,950.0,0.5473136901855469,0.6150058507919312,0.0059034366434745945,0.3880805969238281
model_d,2025-07-31 06:00:00,1000.0,0.5514848232269287,0.6153048872947693,0.0049898095438892405,0.3921731412410736
model_d,2025-07-31 06:00:00,1050.0,0.5509999394416809,0.617251455783844,0.007238737789022419,0.3952001631259918
model_d,2025-07-31 06:00:00,1100.0,0.5525214672088623,0.6181351542472839,0.008714596949891068,0.3961044251918793
model_d,2025-07-31 06:00:00,1150.0,0.5523542761802673,0.6176517009735107,0.00990934008011807,0.3964943289756775
model_d,2025-07-31 06:00:00,1200.0,0.552736222743988,0.6179660558700562,0.009698503057136832,0.39928746223449707
model_d,2025-07-31 06:00:00,1250.0,0.5553116798400879,0.6193300485610962,0.011174362218005482,0.4009447693824768
model_d,2025-07-31 06:00:00,1300.0,0.5537503957748413,0.6201165318489075,0.01222854733291166,0.40111303329467773
model_d,2025-07-31 06:00:00,1350.0,0.5544726252555847,0.6199571490287781,0.012579942371213718,0.4015629291534424
model_d,2025-07-31 06:00:00,1400.0,0.5505691170692444,0.6170587539672852,0.00878487595755148,0.4020449221134186
model_d,2025-07-31 06:00:00,1450.0,0.5471275448799133,0.6152690052986145,0.008503759926909831,0.40291833877563477
model_d,2025-07-31 06:00:00,1500.0,0.5399864315986633,0.607509434223175,0.004146461451964298,0.40163612365722656
model_d,2025-07-31 06:00:00,1550.0,0.5377806425094604,0.6066271066665649,0.004497856490266358,0.4016861915588379
model_d,2025-07-31 06:00:00,1600.0,0.5309159755706787,0.5975335240364075,0.002248928245133179,0.4008442163467407
model_d,2025-07-31 06:00:00,1650.0,0.5253531336784363,0.5928158164024353,0.0019678122144915315,0.4003508985042572
model_d,2025-07-31 06:00:00,1700.0,0.5185893177986145,0.5881063938140869,0.001265022137887413,0.400186151266098
model_d,2025-07-31 06:00:00,1750.0,0.513158917427063,0.5852263569831848,0.0010541851149061775,0.39859771728515625
model_d,2025-07-31 06:00:00,1800.0,0.5122741460800171,0.5849382877349854,0.0009136270995853538,0.39881545305252075
model_d,2025-07-31 06:00:00,1850.0,0.5103437900543213,0.5843625068664551,0.0010541851149061775,0.39872080087661743
model_d,2025-07-31 06:00:00,1900.0,0.5039014220237732,0.5770144462585449,0.000421674045962471,0.3977659344673157
model_d,2025-07-31 06:00:00,1950.0,0.5019435286521912,0.5780655145645142,0.0005622320612832947,0.3980712592601776
model_d,2025-07-31 06:00:00,2000.0,0.5031827092170715,0.5804268717765808,0.0010541851149061775,0.3989482522010803
model_d,2025-07-31 06:30:00,0.0,0.41592633724212646,0.6030771136283875,0.03942652329749104,0.31092706322669983
model_d,2025-07-31 06:30:00,50.0,0.4282974600791931,0.6314823031425476,0.06620282521610794,0.3269054889678955
model_d,2025-07-31 06:30:00,100.0,0.4683573842048645,0.6535148620605469,0.11905263897673765,0.32012754678726196
model_d,2025-07-31 06:30:00,150.0,0.4910535514354706,0.6423520445823669,0.08166420690139856,0.31484150886535645
model_d,2025-07-31 06:30:00,200.0,0.504582405090332,0.6503788232803345,0.10085037599269098,0.32282763719558716
model_d,2025-07-31 06:30:00,250.0,0.5117385387420654,0.649848222732544,0.09951507484714316,0.3259948194026947
model_d,2025-07-31 06:30:00,300.0,0.5301858186721802,0.649743378162384,0.09958535385480358,0.3298329710960388
model_d,2025-07-31 06:30:00,350.0,0.5294332504272461,0.6448225975036621,0.08742708552955232,0.3300979733467102
model_d,2025-07-31 06:30:00,400.0,0.5301228761672974,0.640455424785614,0.07372267903577201,0.3308824896812439
model_d,2025-07-31 06:30:00,450.0,0.5284455418586731,0.6409497857093811,0.07583104926558437,0.33194881677627563
model_d,2025-07-31 06:30:00,500.0,0.5326276421546936,0.642145574092865,0.07737718743411343,0.33415496349334717
model_d,2025-07-31 06:30:00,550.0,0.5220252871513367,0.6330609917640686,0.053271487806592174,0.33577314019203186
model_d,2025-07-31 06:30:00,600.0,0.5126698017120361,0.6266137957572937,0.03275001756975191,0.33653005957603455
model_d,2025-07-31 06:30:00,650.0,0.5260069370269775,0.6221149563789368,0.027830487033523088,0.3401747941970825
model_d,2025-07-31 06:30:00,700.0,0.5245240926742554,0.6139089465141296,0.018272541991707077,0.34255096316337585
model_d,2025-07-31 06:30:00,750.0,0.5272703170776367,0.6139526963233948,0.014758591608686485,0.3447202444076538
model_d,2025-07-31 06:30:00,800.0,0.5299039483070374,0.6107350587844849,0.013071895424836602,0.34674498438835144
model_d,2025-07-31 06:30:00,850.0,0.5398759841918945,0.6157763600349426,0.013774685501440719,0.35205912590026855
model_d,2025-07-31 06:30:00,900.0,0.540469229221344,0.6177417635917664,0.017710309930423784,0.35399818420410156
model_d,2025-07-31 06:30:00,950.0,0.5437039732933044,0.6210488080978394,0.021997329397708903,0.3550738990306854
model_d,2025-07-31 06:30:00,1000.0,0.5488107800483704,0.6225054264068604,0.025932953826691967,0.35846754908561707
model_d,2025-07-31 06:30:00,1050.0,0.5478848218917847,0.6249178051948547,0.032328343523789445,0.3600515127182007
model_d,2025-07-31 06:30:00,1100.0,0.549630343914032,0.6262450218200684,0.0356314568838288,0.36069586873054504
model_d,2025-07-31 06:30:00,1150.0,0.5494825839996338,0.6261062622070312,0.03633424696043292,0.36104467511177063
model_d,2025-07-31 06:30:00,1200.0,0.5491894483566284,0.6277112364768982,0.03837233818258486,0.36314502358436584
model_d,2025-07-31 06:30:00,1250.0,0.5516522526741028,0.6293419599533081,0.039918476351113924,0.3641458749771118
model_d,2025-07-31 06:30:00,1300.0,0.550414502620697,0.630280077457428,0.04069154543537845,0.36433079838752747
model_d,2025-07-31 06:30:00,1350.0,0.5514112114906311,0.6306291818618774,0.04118349848900134,0.36478546261787415
model_d,2025-07-31 06:30:00,1400.0,0.547441840171814,0.6284762620925903,0.036193688945112094,0.36503729224205017
model_d,2025-07-31 06:30:00,1450.0,0.5437301993370056,0.626240611076355,0.03155527443952491,0.36501839756965637
model_d,2025-07-31 06:30:00,1500.0,0.5367780327796936,0.617657482624054,0.019397006114273665,0.3632289469242096
model_d,2025-07-31 06:30:00,1550.0,0.5347708463668823,0.6164929866790771,0.020380912221519432,0.3633045256137848
model_d,2025-07-31 06:30:00,1600.0,0.5282994508743286,0.6069506406784058,0.013493569470799072,0.36249658465385437
model_d,2025-07-31 06:30:00,1650.0,0.522737443447113,0.6013277769088745,0.013985522524421956,0.36190930008888245
model_d,2025-07-31 06:30:00,1700.0,0.516547441482544,0.5974335074424744,0.010612130156722186,0.3613567054271698
model_d,2025-07-31 06:30:00,1750.0,0.511387050151825,0.5959522724151611,0.009487666034155597,0.3595660328865051
model_d,2025-07-31 06:30:00,1800.0,0.5106924176216125,0.5961019396781921,0.009839061072457658,0.3598978519439697
model_d,2025-07-31 06:30:00,1850.0,0.5087336301803589,0.595374584197998,0.009487666034155597,0.3598487377166748
model_d,2025-07-31 06:30:00,1900.0,0.5026386976242065,0.5883349776268005,0.006535947712418301,0.3589538633823395
model_d,2025-07-31 06:30:00,1950.0,0.5008550882339478,0.5882846713066101,0.00801180687328695,0.35938405990600586
model_d,2025-07-31 06:30:00,2000.0,0.5031053423881531,0.5912067294120789,0.013282732447817837,0.3605555593967438
model_d,2025-07-31 07:00:00,0.0,0.4238030016422272,0.6098847985267639,0.06367278094033313,0.3239765167236328
model_d,2025-07-31 07:00:00,50.0,0.43412119150161743,0.623305082321167,0.06676505727739124,0.3424243628978729
model_d,2025-07-31 07:00:00,100.0,0.4748370945453644,0.6525079607963562,0.11082999508046947,0.3353762924671173
model_d,2025-07-31 07:00:00,150.0,0.5074961185455322,0.6454810500144958,0.08454564621547543,0.32625260949134827
model_d,2025-07-31 07:00:00,200.0,0.5370878577232361,0.6580869555473328,0.12305854241338113,0.3307459354400635
model_d,2025-07-31 07:00:00,250.0,0.5481250882148743,0.6598308682441711,0.13331927753180126,0.33228209614753723
model_d,2025-07-31 07:00:00,300.0,0.5552595257759094,0.6620385050773621,0.1412608053974278,0.3341767489910126
model_d,2025-07-31 07:00:00,350.0,0.5503104329109192,0.6573753356933594,0.1264319347810809,0.33438345789909363
model_d,2025-07-31 07:00:00,400.0,0.5454585552215576,0.6508541703224182,0.10197484011525758,0.3353084325790405
model_d,2025-07-31 07:00:00,450.0,0.5420231223106384,0.6462817192077637,0.09009768782064798,0.33641907572746277
model_d,2025-07-31 07:00:00,500.0,0.5455228090286255,0.6450175642967224,0.08468620423079626,0.33850279450416565
model_d,2025-07-31 07:00:00,550.0,0.5350097417831421,0.632652223110199,0.05053060650783611,0.3416145145893097
model_d,2025-07-31 07:00:00,600.0,0.5283430218696594,0.6291717290878296,0.04272963665753039,0.3424432575702667
model_d,2025-07-31 07:00:00,650.0,0.5368238687515259,0.6255074739456177,0.03021997329397709,0.346240371465683
model_d,2025-07-31 07:00:00,700.0,0.5343233346939087,0.6218218803405762,0.02185677138238808,0.3482705056667328
model_d,2025-07-31 07:00:00,750.0,0.533348560333252,0.6210839152336121,0.023965141612200435,0.3491631746292114
model_d,2025-07-31 07:00:00,800.0,0.5324247479438782,0.6156157851219177,0.0172183568768009,0.3512135446071625
model_d,2025-07-31 07:00:00,850.0,0.5325344800949097,0.6143335700035095,0.016304729777215546,0.35488978028297424
model_d,2025-07-31 07:00:00,900.0,0.5309842824935913,0.6147366762161255,0.01686696183849884,0.35647913813591003
model_d,2025-07-31 07:00:00,950.0,0.5307953357696533,0.615668773651123,0.01988895916789655,0.35712847113609314
model_d,2025-07-31 07:00:00,1000.0,0.5330013036727905,0.6147707104682922,0.018905053060650785,0.36060982942581177
model_d,2025-07-31 07:00:00,1050.0,0.5328129529953003,0.6170247197151184,0.020170075198538195,0.36327919363975525
model_d,2025-07-31 07:00:00,1100.0,0.5340368151664734,0.6177386045455933,0.022348724436010964,0.364269882440567
model_d,2025-07-31 07:00:00,1150.0,0.533075749874115,0.6172405481338501,0.023121793520275494,0.3645534813404083
model_d,2025-07-31 07:00:00,1200.0,0.5320413112640381,0.6187842488288879,0.023613746573898378,0.36736565828323364
model_d,2025-07-31 07:00:00,1250.0,0.5344359278678894,0.6217770576477051,0.030360531309297913,0.3695524036884308
model_d,2025-07-31 07:00:00,1300.0,0.5324121713638306,0.6220288276672363,0.031625553447185324,0.3698432147502899
model_d,2025-07-31 07:00:00,1350.0,0.532678484916687,0.622052013874054,0.031133600393562444,0.37029293179512024
model_d,2025-07-31 07:00:00,1400.0,0.5281281471252441,0.619679868221283,0.02523016375008785,0.37077775597572327
model_d,2025-07-31 07:00:00,1450.0,0.5247196555137634,0.6184459924697876,0.021224260313444373,0.37210017442703247
model_d,2025-07-31 07:00:00,1500.0,0.5192633271217346,0.6128939390182495,0.012369105348232483,0.37130361795425415
model_d,2025-07-31 07:00:00,1550.0,0.5171192288398743,0.6124033331871033,0.011806873286949189,0.371541291475296
model_d,2025-07-31 07:00:00,1600.0,0.5112853646278381,0.6035460233688354,0.006887342750720359,0.3710022568702698
model_d,2025-07-31 07:00:00,1650.0,0.5057743191719055,0.5971145629882812,0.0078009698503057135,0.37083181738853455
model_d,2025-07-31 07:00:00,1700.0,0.49689722061157227,0.592397928237915,0.007238737789022419,0.37111619114875793
model_d,2025-07-31 07:00:00,1750.0,0.49125784635543823,0.5900760293006897,0.00611427366645583,0.3699098527431488
model_d,2025-07-31 07:00:00,1800.0,0.4904062747955322,0.5900545716285706,0.006325110689437065,0.37028250098228455
model_d,2025-07-31 07:00:00,1850.0,0.4888559877872467,0.5893120765686035,0.007590132827324478,0.3703911602497101
model_d,2025-07-31 07:00:00,1900.0,0.4835754334926605,0.5807872414588928,0.0056925996204933585,0.3697584569454193
model_d,2025-07-31 07:00:00,1950.0,0.4813366234302521,0.5804985761642456,0.0063953896970974766,0.37020960450172424
model_d,2025-07-31 07:00:00,2000.0,0.48123815655708313,0.5798600316047668,0.008714596949891068,0.37112903594970703
model_d,2025-07-31 07:30:00,0.0,0.4696478545665741,0.5828171372413635,0.012579942371213718,0.3348069489002228
model_d,2025-07-31 07:30:00,50.0,0.4917946457862854,0.6188604235649109,0.035842293906810034,0.35467448830604553
model_d,2025-07-31 07:30:00,100.0,0.5237478613853455,0.6517873406410217,0.1087216248506571,0.34690871834754944
model_d,2025-07-31 07:30:00,150.0,0.509493887424469,0.6445702314376831,0.08335090308524844,0.33897665143013
model_d,2025-07-31 07:30:00,200.0,0.525096595287323,0.6534818410873413,0.1128680863026214,0.3466237783432007
model_d,2025-07-31 07:30:00,250.0,0.5403574109077454,0.6574572920799255,0.1253074706585143,0.3498898148536682
model_d,2025-07-31 07:30:00,300.0,0.5601346492767334,0.6610537767410278,0.14582894089535456,0.35134363174438477
model_d,2025-07-31 07:30:00,350.0,0.5664920210838318,0.6649352312088013,0.1656476210555907,0.3499325215816498
model_d,2025-07-31 07:30:00,400.0,0.5693688988685608,0.6662693023681641,0.17485417105910464,0.3496405780315399
model_d,2025-07-31 07:30:00,450.0,0.5740124583244324,0.6690186262130737,0.19495396724998243,0.3499611020088196
model_d,2025-07-31 07:30:00,500.0,0.5784623026847839,0.6682361960411072,0.19635954740319067,0.35102033615112305
model_d,2025-07-31 07:30:00,550.0,0.5707781910896301,0.6574575304985046,0.13880104012931338,0.3530248999595642
model_d,2025-07-31 07:30:00,600.0,0.5644376277923584,0.652036190032959,0.10879190385831752,0.3533225655555725
model_d,2025-07-31 07:30:00,650.0,0.5677641034126282,0.6487058401107788,0.09473610232623515,0.35596007108688354
model_d,2025-07-31 07:30:00,700.0,0.5607975721359253,0.6409651041030884,0.06430529200927683,0.3564281761646271
model_d,2025-07-31 07:30:00,750.0,0.5549631118774414,0.6383249163627625,0.05783962330451894,0.3564903438091278
model_d,2025-07-31 07:30:00,800.0,0.552710235118866,0.6334447264671326,0.04343242673413451,0.3583731949329376
model_d,2025-07-31 07:30:00,850.0,0.5495071411132812,0.6272010803222656,0.03310141260805397,0.3623785376548767
model_d,2025-07-31 07:30:00,900.0,0.5456534028053284,0.6254620552062988,0.029306346194391736,0.3639450669288635
model_d,2025-07-31 07:30:00,950.0,0.5438399910926819,0.6243513822555542,0.027549371002881438,0.3639911711215973
model_d,2025-07-31 07:30:00,1000.0,0.5474841594696045,0.6219403743743896,0.025159884742427436,0.3696606457233429
model_d,2025-07-31 07:30:00,1050.0,0.5507140159606934,0.6284233331680298,0.03766954810598074,0.37605634331703186
model_d,2025-07-31 07:30:00,1100.0,0.551861584186554,0.6300156712532043,0.03914540726684939,0.37733665108680725
model_d,2025-07-31 07:30:00,1150.0,0.5508273243904114,0.6302585005760193,0.04132405650432216,0.3774087727069855
model_d,2025-07-31 07:30:00,1200.0,0.5491188168525696,0.6292699575424194,0.03710731604469745,0.3803936541080475
model_d,2025-07-31 07:30:00,1250.0,0.5485515594482422,0.6291212439537048,0.041956567573265866,0.38322314620018005
model_d,2025-07-31 07:30:00,1300.0,0.5454699993133545,0.6292431950569153,0.04258907864220957,0.38333582878112793
model_d,2025-07-31 07:30:00,1350.0,0.5445036292076111,0.6280786395072937,0.04188628856560545,0.3833801746368408
model_d,2025-07-31 07:30:00,1400.0,0.5393465757369995,0.6249917149543762,0.03647480497575374,0.3834655284881592
model_d,2025-07-31 07:30:00,1450.0,0.5362737774848938,0.6247938275337219,0.03879401222854733,0.38512560725212097
model_d,2025-07-31 07:30:00,1500.0,0.5301785469055176,0.6188270449638367,0.025089605734767026,0.384499192237854
model_d,2025-07-31 07:30:00,1550.0,0.5266577005386353,0.6161870956420898,0.025581558788389906,0.3842703700065613
model_d,2025-07-31 07:30:00,1600.0,0.5196009874343872,0.6062282919883728,0.015742497715932252,0.38337305188179016
model_d,2025-07-31 07:30:00,1650.0,0.5137814879417419,0.6002328395843506,0.014266638555063603,0.3830033242702484
model_d,2025-07-31 07:30:00,1700.0,0.5050433874130249,0.5941425561904907,0.006254831681776653,0.3832119107246399
model_d,2025-07-31 07:30:00,1750.0,0.49989402294158936,0.5912548899650574,0.003865345421322651,0.380795955657959
model_d,2025-07-31 07:30:00,1800.0,0.49767205119132996,0.5905556082725525,0.003935624428983063,0.38079383969306946
model_d,2025-07-31 07:30:00,1850.0,0.4950028359889984,0.5895197987556458,0.0035842293906810036,0.38065463304519653
model_d,2025-07-31 07:30:00,1900.0,0.4888250231742859,0.5822086930274963,0.0023894862604540022,0.379862517118454
model_d,2025-07-31 07:30:00,1950.0,0.4869568943977356,0.5825104117393494,0.003513950383020592,0.3805291950702667
model_d,2025-07-31 07:30:00,2000.0,0.48791709542274475,0.5820894241333008,0.005552041605172535,0.3817187249660492
model_d,2025-07-31 08:00:00,0.0,0.4646570086479187,0.5659943222999573,0.00920655000351395,0.3478403687477112
model_d,2025-07-31 08:00:00,50.0,0.4852437376976013,0.6096493601799011,0.018975332068311195,0.3681451082229614
model_d,2025-07-31 08:00:00,100.0,0.5134413242340088,0.6475052833557129,0.08981657179000632,0.3602283000946045
model_d,2025-07-31 08:00:00,150.0,0.4944148659706116,0.640404224395752,0.0724576568978846,0.3507707715034485
model_d,2025-07-31 08:00:00,200.0,0.516169548034668,0.6521211266517639,0.10352097828378663,0.35916927456855774
model_d,2025-07-31 08:00:00,250.0,0.5326564311981201,0.6549513936042786,0.11371143439454635,0.3619697391986847
model_d,2025-07-31 08:00:00,300.0,0.5601183176040649,0.6633991003036499,0.14709396303324196,0.36310631036758423
model_d,2025-07-31 08:00:00,350.0,0.5715693831443787,0.6703988909721375,0.18146039777918335,0.3611306846141815
model_d,2025-07-31 08:00:00,400.0,0.5758293867111206,0.6717084050178528,0.1929861550354909,0.36075201630592346
model_d,2025-07-31 08:00:00,450.0,0.577319324016571,0.6726641654968262,0.2054255393913838,0.3612549602985382
model_d,2025-07-31 08:00:00,500.0,0.5793435573577881,0.6698172092437744,0.20057628786281537,0.36244839429855347
model_d,2025-07-31 08:00:00,550.0,0.5715843439102173,0.6607518792152405,0.14772647410218567,0.36405548453330994
model_d,2025-07-31 08:00:00,600.0,0.56658536195755,0.6562138795852661,0.12868086302621407,0.3636409640312195
model_d,2025-07-31 08:00:00,650.0,0.5674737095832825,0.6514964699745178,0.10703492866680722,0.366055428981781
model_d,2025-07-31 08:00:00,700.0,0.5601733922958374,0.6425605416297913,0.07224681987490336,0.36771467328071594
model_d,2025-07-31 08:00:00,750.0,0.554454505443573,0.6394270062446594,0.06500808208588095,0.3686996102333069
model_d,2025-07-31 08:00:00,800.0,0.5521249771118164,0.6348795294761658,0.05559069505938576,0.37082669138908386
model_d,2025-07-31 08:00:00,850.0,0.5495880246162415,0.6307636499404907,0.039567081312811864,0.3760186433792114
model_d,2025-07-31 08:00:00,900.0,0.5474061369895935,0.6289678812026978,0.03471782978424345,0.37833330035209656
model_d,2025-07-31 08:00:00,950.0,0.5457300543785095,0.6275432109832764,0.03253918054677068,0.37831491231918335
model_d,2025-07-31 08:00:00,1000.0,0.5475755929946899,0.6231063604354858,0.027760208025862675,0.383044958114624
model_d,2025-07-31 08:00:00,1050.0,0.5473737716674805,0.622449517250061,0.029165788179070912,0.38860249519348145
model_d,2025-07-31 08:00:00,1100.0,0.5473847389221191,0.6221672892570496,0.02867383512544803,0.38941723108291626
model_d,2025-07-31 08:00:00,1150.0,0.5457276701927185,0.6213425993919373,0.027408812987560614,0.3892313241958618
model_d,2025-07-31 08:00:00,1200.0,0.5436837673187256,0.620698094367981,0.025792395811371143,0.3915310800075531
model_d,2025-07-31 08:00:00,1250.0,0.5429513454437256,0.6197026968002319,0.025019326727106612,0.3935748040676117
model_d,2025-07-31 08:00:00,1300.0,0.5399643182754517,0.6195348501205444,0.02530044275774826,0.3936026692390442
model_d,2025-07-31 08:00:00,1350.0,0.538840115070343,0.6187759041786194,0.02340290955091714,0.393640398979187
model_d,2025-07-31 08:00:00,1400.0,0.5336922407150269,0.6149437427520752,0.020451191229179842,0.3938596248626709
model_d,2025-07-31 08:00:00,1450.0,0.5295960307121277,0.6138783693313599,0.017358914892121723,0.3958374857902527
model_d,2025-07-31 08:00:00,1500.0,0.5231637954711914,0.6061601042747498,0.009698503057136832,0.3954415023326874
model_d,2025-07-31 08:00:00,1550.0,0.5201526880264282,0.6047555804252625,0.008644317942230655,0.39533644914627075
model_d,2025-07-31 08:00:00,1600.0,0.5137127041816711,0.5956188440322876,0.0059034366434745945,0.39456501603126526
model_d,2025-07-31 08:00:00,1650.0,0.508457362651825,0.5901122689247131,0.005973715651135006,0.3942469358444214
model_d,2025-07-31 08:00:00,1700.0,0.5005382895469666,0.583909809589386,0.003513950383020592,0.39466702938079834
model_d,2025-07-31 08:00:00,1750.0,0.4967276453971863,0.5821577310562134,0.003513950383020592,0.3929085433483124
model_d,2025-07-31 08:00:00,1800.0,0.4946919083595276,0.5820000171661377,0.003513950383020592,0.392939954996109
model_d,2025-07-31 08:00:00,1850.0,0.4919475018978119,0.5809096097946167,0.0032328343523789446,0.3927536606788635
model_d,2025-07-31 08:00:00,1900.0,0.48576241731643677,0.573101818561554,0.002600323283435238,0.3918953835964203
model_d,2025-07-31 08:00:00,1950.0,0.4846315383911133,0.5740290284156799,0.0040761824443038865,0.39260825514793396
model_d,2025-07-31 08:00:00,2000.0,0.48725375533103943,0.5761502981185913,0.00611427366645583,0.39424389600753784
model_e,2025-07-31 05:30:00,0.0,0.4288349449634552,0.7217420339584351,0.15883055731253073,0.10152804106473923
model_e,2025-07-31 05:30:00,50.0,0.453845351934433,0.7525657415390015,0.20043572984749455,0.10126443207263947
model_e,2025-07-31 05:30:00,100.0,0.5804598331451416,0.8611565828323364,0.6147304800056224,0.10050194710493088
model_e,2025-07-31 05:30:00,150.0,0.5967580080032349,0.8714305758476257,0.6235153559631738,0.09927988797426224
model_e,2025-07-31 05:30:00,200.0,0.6016734838485718,0.8786322474479675,0.6263265162695902,0.09832719713449478
model_e,2025-07-31 05:30:00,250.0,0.5954579710960388,0.876103937625885,0.6270995853538548,0.09864852577447891
model_e,2025-07-31 05:30:00,300.0,0.5891698598861694,0.8735520243644714,0.6279429334457798,0.09921684861183167
model_e,2025-07-31 05:30:00,350.0,0.5849010944366455,0.8734992742538452,0.628505165507063,0.09940391778945923
model_e,2025-07-31 05:30:00,400.0,0.583914041519165,0.8736149072647095,0.6313163258134795,0.1001262292265892
model_e,2025-07-31 05:30:00,450.0,0.5944847464561462,0.8808847069740295,0.6334246960432919,0.09933021664619446
model_e,2025-07-31 05:30:00,500.0,0.5939033031463623,0.8804662227630615,0.6345491601658585,0.09927147626876831
model_e,2025-07-31 05:30:00,550.0,0.5936751961708069,0.8786044120788574,0.6353222292501229,0.099590003490448
model_e,2025-07-31 05:30:00,600.0,0.5949131846427917,0.8778864145278931,0.635673624288425,0.09952268749475479
model_e,2025-07-31 05:30:00,650.0,0.595802903175354,0.8773685693740845,0.6353925082577834,0.09964796155691147
model_e,2025-07-31 05:30:00,700.0,0.5971819758415222,0.8762755393981934,0.6360250193267271,0.09968998283147812
model_e,2025-07-31 05:30:00,750.0,0.5975878238677979,0.8750126361846924,0.6354627872654438,0.09969169646501541
model_e,2025-07-31 05:30:00,800.0,0.5977790951728821,0.8733270764350891,0.6343383231428772,0.0998261347413063
model_e,2025-07-31 05:30:00,850.0,0.599728524684906,0.8730327486991882,0.6319488368824232,0.09980998933315277
model_e,2025-07-31 05:30:00,900.0,0.6027683615684509,0.8721042275428772,0.6294187926066483,0.0999293401837349
model_e,2025-07-31 05:30:00,950.0,0.6079772710800171,0.8731551766395569,0.6320893948977441,0.0996844619512558
model_e,2025-07-31 05:30:00,1000.0,0.6078673005104065,0.869636595249176,0.6273807013844964,0.10044035315513611
model_e,2025-07-31 05:30:00,1050.0,0.6128861904144287,0.8710445165634155,0.6311757677981586,0.09988879412412643
model_e,2025-07-31 05:30:00,1100.0,0.6165145039558411,0.8696686029434204,0.6280834914611005,0.10016253590583801
model_e,2025-07-31 05:30:00,1150.0,0.6202883124351501,0.8695669770240784,0.6275915384074777,0.10026328265666962
model_e,2025-07-31 05:30:00,1200.0,0.6246305704116821,0.8692029714584351,0.6271698643615152,0.10031013935804367
model_e,2025-07-31 05:30:00,1250.0,0.6282757520675659,0.8663124442100525,0.6229531239018905,0.10105699300765991
model_e,2025-07-31 05:30:00,1300.0,0.6356732249259949,0.8677725791931152,0.6255534471853258,0.10081591457128525
model_e,2025-07-31 05:30:00,1350.0,0.6347799897193909,0.8658930659294128,0.620633916649097,0.10167550295591354
model_e,2025-07-31 05:30:00,1400.0,0.6393328905105591,0.8677334189414978,0.61775247733502,0.10192286968231201
model_e,2025-07-31 05:30:00,1450.0,0.6396510004997253,0.8690675497055054,0.6174713613043784,0.10213647782802582
model_e,2025-07-31 05:30:00,1500.0,0.6408307552337646,0.8693899512290955,0.6158549441281889,0.10275591909885406
model_e,2025-07-31 05:30:00,1550.0,0.6425759792327881,0.875818133354187,0.6213367067257011,0.10254808515310287
model_e,2025-07-31 05:30:00,1600.0,0.6341257095336914,0.8716679215431213,0.606648394124675,0.10348515212535858
model_e,2025-07-31 05:30:00,1650.0,0.6349503397941589,0.87587571144104,0.6164874551971327,0.10295852273702621
model_e,2025-07-31 05:30:00,1700.0,0.630852997303009,0.8745076060295105,0.6112165296226018,0.10299532115459442
model_e,2025-07-31 05:30:00,1750.0,0.6335145831108093,0.8802003860473633,0.6126923887834704,0.10280159115791321
model_e,2025-07-31 05:30:00,1800.0,0.6320508122444153,0.881596565246582,0.6131843418370932,0.10232597589492798
model_e,2025-07-31 05:30:00,1850.0,0.6230645179748535,0.879365086555481,0.6019397006114273,0.10307401418685913
model_e,2025-07-31 05:30:00,1900.0,0.6243223547935486,0.8834835886955261,0.606999789162977,0.10229282826185226
model_e,2025-07-31 05:30:00,1950.0,0.6138719916343689,0.878974437713623,0.5951929158760279,0.10331667959690094
model_e,2025-07-31 05:30:00,2000.0,0.6137509942054749,0.878747820854187,0.599128540305011,0.10305357724428177
model_e,2025-07-31 06:00:00,0.0,0.41881272196769714,0.6616365313529968,0.116382036685642,0.1353963315486908
model_e,2025-07-31 06:00:00,50.0,0.44304537773132324,0.7271883487701416,0.14090941035912574,0.13542743027210236
model_e,2025-07-31 06:00:00,100.0,0.5798200964927673,0.8692748546600342,0.6188066624499262,0.13382700085639954
model_e,2025-07-31 06:00:00,150.0,0.5957621932029724,0.8768780827522278,0.6270293063461944,0.13303214311599731
model_e,2025-07-31 06:00:00,200.0,0.6004735827445984,0.8804613351821899,0.6304026987138942,0.13294750452041626
model_e,2025-07-31 06:00:00,250.0,0.5947084426879883,0.8786484599113464,0.6291376765760067,0.13309405744075775
model_e,2025-07-31 06:00:00,300.0,0.5891156792640686,0.8766003847122192,0.6283646074917422,0.1330893188714981
model_e,2025-07-31 06:00:00,350.0,0.5851410031318665,0.8766003847122192,0.628505165507063,0.13302330672740936
model_e,2025-07-31 06:00:00,400.0,0.5849433541297913,0.8773432970046997,0.6306135357368754,0.133102685213089
model_e,2025-07-31 06:00:00,450.0,0.5929877758026123,0.8810939192771912,0.6336355330662731,0.13267163932323456
model_e,2025-07-31 06:00:00,500.0,0.5921911597251892,0.8808708786964417,0.6351113922271417,0.13264213502407074
model_e,2025-07-31 06:00:00,550.0,0.5924005508422852,0.8805673718452454,0.6353925082577834,0.13280650973320007
model_e,2025-07-31 06:00:00,600.0,0.594513475894928,0.880435585975647,0.63651697238035,0.13302527368068695
model_e,2025-07-31 06:00:00,650.0,0.5951166749000549,0.88041090965271,0.6347599971888397,0.13327105343341827
model_e,2025-07-31 06:00:00,700.0,0.5966173410415649,0.8799908757209778,0.6366575303956709,0.13337185978889465
model_e,2025-07-31 06:00:00,750.0,0.5981858968734741,0.8797879219055176,0.6374305994799353,0.1335178166627884
model_e,2025-07-31 06:00:00,800.0,0.5991395711898804,0.8792974948883057,0.6370089254339729,0.1336762011051178
model_e,2025-07-31 06:00:00,850.0,0.6020568013191223,0.8792509436607361,0.6346897181811793,0.13376197218894958
model_e,2025-07-31 06:00:00,900.0,0.6064357161521912,0.8792333006858826,0.6348302761965001,0.1338796615600586
model_e,2025-07-31 06:00:00,950.0,0.6123582720756531,0.8794529438018799,0.6367980884109916,0.1337326020002365
model_e,2025-07-31 06:00:00,1000.0,0.6130123734474182,0.8782601356506348,0.6330733010049898,0.13402554392814636
model_e,2025-07-31 06:00:00,1050.0,0.6176904439926147,0.8789119124412537,0.6353222292501229,0.1337464451789856
model_e,2025-07-31 06:00:00,1100.0,0.620572566986084,0.8783749938011169,0.6338463700892544,0.13406415283679962
model_e,2025-07-31 06:00:00,1150.0,0.6238449215888977,0.8784945011138916,0.6344788811581981,0.13414080440998077
model_e,2025-07-31 06:00:00,1200.0,0.6292514801025391,0.8783749938011169,0.6351816712348022,0.13402549922466278
model_e,2025-07-31 06:00:00,1250.0,0.6371455788612366,0.8769047260284424,0.6334949750509523,0.13405877351760864
model_e,2025-07-31 06:00:00,1300.0,0.6453673243522644,0.878136396408081,0.6387659006254832,0.1339864581823349
model_e,2025-07-31 06:00:00,1350.0,0.6476894021034241,0.8780213594436646,0.6363764143650291,0.1343921720981598
model_e,2025-07-31 06:00:00,1400.0,0.6532118320465088,0.8787713050842285,0.6436151521540516,0.1344604641199112
model_e,2025-07-31 06:00:00,1450.0,0.6534433960914612,0.8802457451820374,0.6379928315412187,0.13453364372253418
model_e,2025-07-31 06:00:00,1500.0,0.6537848711013794,0.8812003135681152,0.632932742989669,0.13484998047351837
model_e,2025-07-31 06:00:00,1550.0,0.6541760563850403,0.8862210512161255,0.6320893948977441,0.13467304408550262
model_e,2025-07-31 06:00:00,1600.0,0.6469733119010925,0.8842031955718994,0.6239370300091363,0.1354120373725891
model_e,2025-07-31 06:00:00,1650.0,0.6456886529922485,0.8860652446746826,0.6251317731393633,0.13499686121940613
model_e,2025-07-31 06:00:00,1700.0,0.6423994302749634,0.8873715996742249,0.6188066624499262,0.1353052705526352
model_e,2025-07-31 06:00:00,1750.0,0.6462798714637756,0.8937696218490601,0.6202825216107949,0.13558056950569153
model_e,2025-07-31 06:00:00,1800.0,0.64527428150177,0.894129753112793,0.6212664277180406,0.13549090921878815
model_e,2025-07-31 06:00:00,1850.0,0.6374325156211853,0.8934038877487183,0.6128329467987912,0.13578128814697266
model_e,2025-07-31 06:00:00,1900.0,0.6377068161964417,0.8943009376525879,0.619790568557172,0.1353761851787567
model_e,2025-07-31 06:00:00,1950.0,0.6290469169616699,0.893566906452179,0.6137465738983765,0.13556700944900513
model_e,2025-07-31 06:00:00,2000.0,0.6302523016929626,0.892326295375824,0.6204933586337761,0.1353084295988083
