height_agl_m,finite_cells,coverage_fraction,mean_observation_coverage,p10_observation_coverage,mean_turbulence_index,p90_turbulence_index,mean_uncertainty,radar_mean_contribution,wpr_mean_contribution,surface_mean_contribution
0.0,1570360,1.0,0.9703460335731506,0.9462050199508667,0.4211074113845825,0.7407686114311218,0.3914332091808319,0.10665793716907501,0.0,0.8933423161506653
50.0,1570360,1.0,0.8546992540359497,0.8028579950332642,0.4345259666442871,0.7450422048568726,0.4399419128894806,0.163626566529274,0.0,0.8363732099533081
100.0,1570360,1.0,0.8512481451034546,0.764934778213501,0.4953559339046478,0.6815184354782104,0.4266866445541382,0.1770029217004776,0.28514721989631653,0.5378495454788208
150.0,1570360,1.0,0.8124802708625793,0.6822797656059265,0.4981048107147217,0.6830765604972839,0.4428597092628479,0.22810794413089752,0.30515506863594055,0.46673688292503357
200.0,1570360,1.0,0.7849127650260925,0.6100711226463318,0.5046823024749756,0.6934223175048828,0.4546964168548584,0.2825632393360138,0.31913596391677856,0.39830079674720764
250.0,1570360,1.0,0.7659108638763428,0.5465390086174011,0.5162757039070129,0.7142568826675415,0.4610186815261841,0.33494290709495544,0.329417884349823,0.3356391191482544
300.0,1570360,1.0,0.7603579759597778,0.4994155168533325,0.524090588092804,0.7290587425231934,0.4606035053730011,0.38035959005355835,0.3408513069152832,0.27878913283348083
350.0,1570360,1.0,0.757864773273468,0.4590938985347748,0.5198612213134766,0.7339534759521484,0.4618690609931946,0.42460814118385315,0.33867478370666504,0.23671725392341614
400.0,1570360,1.0,0.7594310641288757,0.423808753490448,0.5088976621627808,0.7288732528686523,0.46068063378334045,0.45811301469802856,0.3442085385322571,0.1976783722639084
450.0,1570360,1.0,0.763827383518219,0.392071008682251,0.4904625713825226,0.7085372805595398,0.4546619951725006,0.4741112291812897,0.3652842342853546,0.1606045514345169
500.0,1570360,1.0,0.7640131115913391,0.3627679944038391,0.48372048139572144,0.7054752707481384,0.45376649498939514,0.5231971144676208,0.34226492047309875,0.13453799486160278
550.0,1570360,1.0,0.7638278007507324,0.33512023091316223,0.47705721855163574,0.702841579914093,0.45121046900749207,0.5629281401634216,0.3248322904109955,0.11223933845758438
600.0,1570360,1.0,0.7702323794364929,0.3223058581352234,0.4695667028427124,0.6975688934326172,0.44212520122528076,0.5830509662628174,0.3268076181411743,0.09014151990413666
650.0,1570360,1.0,0.7745875716209412,0.31009945273399353,0.46084341406822205,0.6914223432540894,0.43549996614456177,0.5970814228057861,0.3297180235385895,0.07320062816143036
700.0,1570360,1.0,0.776577353477478,0.29801294207572937,0.4512777626514435,0.68919837474823,0.4352583587169647,0.6191067099571228,0.319661408662796,0.06123201921582222
750.0,1570360,1.0,0.7765814065933228,0.2856687307357788,0.44467705488204956,0.68150794506073,0.43598151206970215,0.6320980787277222,0.31618353724479675,0.05171870440244675
800.0,1570360,1.0,0.7753371000289917,0.27228671312332153,0.43258699774742126,0.6635800004005432,0.43650972843170166,0.6341636180877686,0.32208961248397827,0.04374676197767258
850.0,1570360,1.0,0.7700306177139282,0.2578703463077545,0.4246945083141327,0.6501690149307251,0.4402554929256439,0.63624107837677,0.3261381685733795,0.03762059286236763
900.0,1570360,1.0,0.7616450786590576,0.24288232624530792,0.4223659038543701,0.6455294489860535,0.4464847147464752,0.6451324224472046,0.32218578457832336,0.03268180042505264
950.0,1570360,1.0,0.7647959589958191,0.25921303033828735,0.42354974150657654,0.6447792053222656,0.44297218322753906,0.6332587599754333,0.34014183282852173,0.026599358767271042
1000.0,1570360,1.0,0.7362810969352722,0.22267566621303558,0.4254913330078125,0.6517757177352905,0.46701353788375854,0.664417564868927,0.310211181640625,0.025371352210640907
1050.0,1570360,1.0,0.7498370409011841,0.2737180292606354,0.4331783056259155,0.661700427532196,0.45522281527519226,0.6339765787124634,0.3465222120285034,0.01950111612677574
1100.0,1570360,1.0,0.7322525382041931,0.29740872979164124,0.4390046000480652,0.6682294011116028,0.4699550271034241,0.647004246711731,0.3354526162147522,0.017543194815516472
1150.0,1570360,1.0,0.7294996976852417,0.3362513482570648,0.44570934772491455,0.6697818636894226,0.47301235795021057,0.6388030648231506,0.34642377495765686,0.014773155562579632
1200.0,1570360,1.0,0.7278918623924255,0.3881132900714874,0.4529273509979248,0.6709204316139221,0.4767899811267853,0.6336953043937683,0.3537961542606354,0.012508703395724297
1250.0,1570360,1.0,0.7084845900535583,0.39973780512809753,0.45842573046684265,0.6701103448867798,0.4936768114566803,0.6575162410736084,0.33105701208114624,0.011426569893956184
1300.0,1570360,1.0,0.7244744300842285,0.44315680861473083,0.4613145887851715,0.6677456498146057,0.4850836396217346,0.631160318851471,0.35972651839256287,0.00911325216293335
1350.0,1570360,1.0,0.7046670317649841,0.4246644675731659,0.4634891450405121,0.6672006845474243,0.5005838871002197,0.6636667847633362,0.3280406594276428,0.008292431011795998
1400.0,1570360,1.0,0.7212865948677063,0.44275152683258057,0.4606059193611145,0.661838173866272,0.49123966693878174,0.6419558525085449,0.3514126241207123,0.006631489843130112
1450.0,1570360,1.0,0.7183340191841125,0.4398868978023529,0.45577406883239746,0.6525595784187317,0.4943245053291321,0.6515253782272339,0.3427852988243103,0.005689298268407583
1500.0,1570360,1.0,0.7136023044586182,0.4220254421234131,0.44782954454421997,0.643824577331543,0.4971790015697479,0.6640521883964539,0.3310546576976776,0.004893064498901367
1550.0,1570360,1.0,0.725071907043457,0.44458743929862976,0.43707075715065,0.6383469104766846,0.4898647964000702,0.648692786693573,0.34732264280319214,0.003984582144767046
1600.0,1570360,1.0,0.6974098086357117,0.41839274764060974,0.4254922866821289,0.6318753957748413,0.506109893321991,0.6955143213272095,0.3007941246032715,0.0036914977245032787
1650.0,1570360,1.0,0.7215408682823181,0.44815748929977417,0.41317659616470337,0.6265076994895935,0.49071183800697327,0.6570271849632263,0.34010469913482666,0.002868294483050704
1700.0,1570360,1.0,0.7080358862876892,0.42692309617996216,0.39685696363449097,0.6132144927978516,0.4940492510795593,0.6674161553382874,0.330091655254364,0.002492294879630208
1750.0,1570360,1.0,0.7118527889251709,0.4313439428806305,0.381306916475296,0.5987270474433899,0.4876697063446045,0.6450582146644592,0.352889746427536,0.0020518831443041563
1800.0,1570360,1.0,0.7119223475456238,0.4343095123767853,0.36909279227256775,0.5875497460365295,0.4854746162891388,0.6283658742904663,0.3699180483818054,0.0017158667324110866
1850.0,1570360,1.0,0.6829015612602234,0.39611801505088806,0.3586365282535553,0.5782440304756165,0.5023007392883301,0.6491218209266663,0.349304735660553,0.001573118264786899
1900.0,1570360,1.0,0.6917737126350403,0.41112667322158813,0.35253453254699707,0.5796704888343811,0.4993179440498352,0.6046797633171082,0.39402759075164795,0.0012927144998684525
1950.0,1570360,1.0,0.6374832391738892,0.32510906457901,0.36976829171180725,0.5897927284240723,0.5484018921852112,0.624372124671936,0.3742446303367615,0.0013832824770361185
2000.0,1570360,1.0,0.6237003207206726,0.28409841656684875,0.396583616733551,0.6251609921455383,0.581899106502533,0.5710368752479553,0.4276144802570343,0.0013487555552273989
