地区,地区初始模型,全球协调模型,步长,月份,实际事件数,预测事件数,下限80,上限80,下限95,上限95
全球,地区加总,地区加总,1,2017-01-01,879,1170.2223012831546,946.8890117937362,1393.555590772573,828.6635098020606,1511.7810927642486
全球,地区加总,地区加总,2,2017-02-01,879,1085.0453424036605,861.7120529142421,1308.3786318930788,743.4865509225665,1426.6041338847544
全球,地区加总,地区加总,3,2017-03-01,961,1091.0812050776838,867.7479155882654,1314.414494567102,749.5224135965898,1432.6399965587777
全球,地区加总,地区加总,4,2017-04-01,865,1116.9726112268374,852.6753328880588,1381.269889565616,712.7648050931587,1521.1804173605162
全球,地区加总,地区加总,5,2017-05-01,1081,1260.2335001041565,995.9362217653779,1524.5307784429351,856.0256939704777,1664.4413062378353
全球,地区加总,地区加总,6,2017-06-01,1077,1076.8229374698003,812.5256591310217,1341.120215808579,672.6151313361215,1481.030743603479
全球,地区加总,地区加总,7,2017-07-01,994,1190.1154062638939,884.5709000358437,1495.659912491944,722.8254087470431,1657.4054037807446
全球,地区加总,地区加总,8,2017-08-01,968,1161.9642110954762,856.419704867426,1467.5087173235265,694.6742135786254,1629.2542086123271
全球,地区加总,地区加总,9,2017-09-01,838,1033.2915832633532,727.747077035303,1338.8360894914035,566.0015857465024,1500.5815807802041
全球,地区加总,地区加总,10,2017-10-01,805,1154.3207840431592,796.4910670099181,1512.1505010764004,607.0674570299174,1701.5741110564009
全球,地区加总,地区加总,11,2017-11-01,804,1071.5358999375087,713.7061829042676,1429.3656169707497,524.2825729242669,1618.7892269507506
全球,地区加总,地区加总,12,2017-12-01,749,998.7544560648155,640.9247390315744,1356.5841730980565,451.5011290515737,1546.0077830780574
北美,近12月均值,地区加总,1,2017-01-01,11,6.25,3.0142409087541635,9.485759091245836,1.3013335147814766,11.198666485218524
北美,近12月均值,地区加总,2,2017-02-01,8,6.25,3.0142409087541635,9.485759091245836,1.3013335147814766,11.198666485218524
北美,近12月均值,地区加总,3,2017-03-01,10,6.25,3.0142409087541635,9.485759091245836,1.3013335147814766,11.198666485218524
北美,近12月均值,地区加总,4,2017-04-01,10,6.25,1.5943818746782528,10.905618125321748,0.0,13.370153489512433
北美,近12月均值,地区加总,5,2017-05-01,12,6.25,1.5943818746782528,10.905618125321748,0.0,13.370153489512433
北美,近12月均值,地区加总,6,2017-06-01,9,6.25,1.5943818746782528,10.905618125321748,0.0,13.370153489512433
北美,近12月均值,地区加总,7,2017-07-01,8,6.25,1.6495848883316349,10.850415111668365,0.0,13.285727765641756
北美,近12月均值,地区加总,8,2017-08-01,7,6.25,1.6495848883316349,10.850415111668365,0.0,13.285727765641756
北美,近12月均值,地区加总,9,2017-09-01,7,6.25,1.6495848883316349,10.850415111668365,0.0,13.285727765641756
北美,近12月均值,地区加总,10,2017-10-01,7,6.25,2.2798322158522017,10.220167784147797,0.17815234383163858,12.321847656168362
北美,近12月均值,地区加总,11,2017-11-01,3,6.25,2.2798322158522017,10.220167784147797,0.17815234383163858,12.321847656168362
北美,近12月均值,地区加总,12,2017-12-01,5,6.25,2.2798322158522017,10.220167784147797,0.17815234383163858,12.321847656168362
中美洲与加勒比,近12月均值,地区加总,1,2017-01-01,0,0.25,0.0,1.3391094067312168,0.0,1.9156491005181338
中美洲与加勒比,近12月均值,地区加总,2,2017-02-01,1,0.25,0.0,1.3391094067312168,0.0,1.9156491005181338
中美洲与加勒比,近12月均值,地区加总,3,2017-03-01,0,0.25,0.0,1.3391094067312168,0.0,1.9156491005181338
中美洲与加勒比,近12月均值,地区加总,4,2017-04-01,0,0.25,0.0,0.8231272834458008,0.0,1.1265225405765817
中美洲与加勒比,近12月均值,地区加总,5,2017-05-01,1,0.25,0.0,0.8231272834458008,0.0,1.1265225405765817
中美洲与加勒比,近12月均值,地区加总,6,2017-06-01,0,0.25,0.0,0.8231272834458008,0.0,1.1265225405765817
中美洲与加勒比,近12月均值,地区加总,7,2017-07-01,0,0.25,0.0,2.0061361506327176,0.0,2.9357784733197665
中美洲与加勒比,近12月均值,地区加总,8,2017-08-01,0,0.25,0.0,2.0061361506327176,0.0,2.9357784733197665
中美洲与加勒比,近12月均值,地区加总,9,2017-09-01,1,0.25,0.0,2.0061361506327176,0.0,2.9357784733197665
中美洲与加勒比,近12月均值,地区加总,10,2017-10-01,1,0.25,0.0,1.8426569125759091,0.0,2.68575855416401
中美洲与加勒比,近12月均值,地区加总,11,2017-11-01,0,0.25,0.0,1.8426569125759091,0.0,2.68575855416401
中美洲与加勒比,近12月均值,地区加总,12,2017-12-01,0,0.25,0.0,1.8426569125759091,0.0,2.68575855416401
南美,近12月均值,地区加总,1,2017-01-01,22,13.25,1.5072993478805472,24.992700652119453,0.0,31.208910884408077
南美,近12月均值,地区加总,2,2017-02-01,15,13.25,1.5072993478805472,24.992700652119453,0.0,31.208910884408077
南美,近12月均值,地区加总,3,2017-03-01,15,13.25,1.5072993478805472,24.992700652119453,0.0,31.208910884408077
南美,近12月均值,地区加总,4,2017-04-01,13,13.25,3.0598516989276803,23.44014830107232,0.0,28.83448696423421
南美,近12月均值,地区加总,5,2017-05-01,16,13.250000000000002,3.059851698927682,23.44014830107232,0.0,28.83448696423421
南美,近12月均值,地区加总,6,2017-06-01,14,13.25,3.0598516989276803,23.44014830107232,0.0,28.83448696423421
南美,近12月均值,地区加总,7,2017-07-01,19,13.25,1.0470013606735495,25.452998639326452,0.0,31.912875907226816
南美,近12月均值,地区加总,8,2017-08-01,12,13.25,1.0470013606735495,25.452998639326452,0.0,31.912875907226816
南美,近12月均值,地区加总,9,2017-09-01,15,13.25,1.0470013606735495,25.452998639326452,0.0,31.912875907226816
南美,近12月均值,地区加总,10,2017-10-01,15,13.25,1.2657987144032745,25.234201285596725,0.0,31.578254230852288
南美,近12月均值,地区加总,11,2017-11-01,8,13.25,1.2657987144032745,25.234201285596725,0.0,31.578254230852288
南美,近12月均值,地区加总,12,2017-12-01,8,13.25,1.2657987144032745,25.234201285596725,0.0,31.578254230852288
东亚,近12月均值,地区加总,1,2017-01-01,2,0.6666666666666666,0.0,3.6085029533435597,0.0,5.165817013261985
东亚,近12月均值,地区加总,2,2017-02-01,1,0.6666666666666666,0.0,3.6085029533435597,0.0,5.165817013261985
东亚,近12月均值,地区加总,3,2017-03-01,0,0.6666666666666666,0.0,3.6085029533435597,0.0,5.165817013261985
东亚,近12月均值,地区加总,4,2017-04-01,0,0.6666666666666665,0.0,4.329628110845865,0.0,6.268682769935358
东亚,近12月均值,地区加总,5,2017-05-01,0,0.6666666666666666,0.0,4.329628110845865,0.0,6.268682769935359
东亚,近12月均值,地区加总,6,2017-06-01,1,0.6666666666666666,0.0,4.329628110845865,0.0,6.268682769935359
东亚,近12月均值,地区加总,7,2017-07-01,0,0.6666666666666666,0.0,3.0537416110995435,0.0,4.317382755877021
东亚,近12月均值,地区加总,8,2017-08-01,1,0.6666666666666666,0.0,3.0537416110995435,0.0,4.317382755877021
东亚,近12月均值,地区加总,9,2017-09-01,0,0.6666666666666666,0.0,3.0537416110995435,0.0,4.317382755877021
东亚,近12月均值,地区加总,10,2017-10-01,2,0.6666666666666666,0.0,2.8375425593075456,0.0,3.986734839400905
东亚,近12月均值,地区加总,11,2017-11-01,0,0.6666666666666666,0.0,2.8375425593075456,0.0,3.986734839400905
东亚,近12月均值,地区加总,12,2017-12-01,0,0.6666666666666666,0.0,2.8375425593075456,0.0,3.986734839400905
东南亚,阻尼季节ETS,地区加总,1,2017-01-01,58,84.45478753072862,59.5521721304537,109.35740293100355,46.36952384128035,122.5400512201769
东南亚,阻尼季节ETS,地区加总,2,2017-02-01,78,103.00995697393664,78.10734157366171,127.91257237421156,64.92469328448837,141.0952206633849
东南亚,阻尼季节ETS,地区加总,3,2017-03-01,96,106.10028065643357,81.19766525615864,131.0028960567085,68.01501696698529,144.18554434588185
东南亚,阻尼季节ETS,地区加总,4,2017-04-01,118,101.0726216426088,53.79100251941155,148.35424076580603,28.761625266254413,173.38361801896318
东南亚,阻尼季节ETS,地区加总,5,2017-05-01,93,120.29766526501624,73.01604614181899,167.57928438821347,47.98666888866185,192.60866164137062
东南亚,阻尼季节ETS,地区加总,6,2017-06-01,81,80.13137878161443,32.849759658417184,127.41299790481168,7.820382405260048,152.4423751579688
东南亚,阻尼季节ETS,地区加总,7,2017-07-01,83,87.59972160756132,46.46912509449037,128.73031812063226,24.695902521662624,150.50354069346002
东南亚,阻尼季节ETS,地区加总,8,2017-08-01,128,103.3247118718472,62.19411535877625,144.45530838491814,40.4208927859485,166.2285309577459
东南亚,阻尼季节ETS,地区加总,9,2017-09-01,81,68.39866770847958,27.26807119540863,109.52926422155053,5.494848622580882,131.30248679437827
东南亚,阻尼季节ETS,地区加总,10,2017-10-01,61,93.23086295310694,47.55372389973196,138.90800200648192,23.373707089543473,163.0880188166704
东南亚,阻尼季节ETS,地区加总,11,2017-11-01,64,89.57409591891162,43.89695686553665,135.2512349722866,19.71694005534816,159.4312517824751
东南亚,阻尼季节ETS,地区加总,12,2017-12-01,79,76.41441579716569,30.737276743790716,122.09155485054066,6.557259933602225,146.27157166072914
南亚,低阶SARIMA,地区加总,1,2017-01-01,251,353.07178298939226,256.9579755963687,449.1855903824158,206.0783993659303,500.0651666128542
南亚,低阶SARIMA,地区加总,2,2017-02-01,247,302.86616551996406,206.75235812694052,398.9799729129876,155.8727818965021,449.859549143426
南亚,低阶SARIMA,地区加总,3,2017-03-01,293,253.0454901180029,156.9316827249794,349.1592975110264,106.05210649454094,400.03887374146484
南亚,低阶SARIMA,地区加总,4,2017-04-01,230,293.7156888918726,165.5113566020847,421.92002118166056,97.64408264073501,489.7872951430102
南亚,低阶SARIMA,地区加总,5,2017-05-01,400,352.75259381143553,224.54826152164762,480.9569261012234,156.68098756029792,548.8242000625731
南亚,低阶SARIMA,地区加总,6,2017-06-01,330,280.3909648713695,152.18663258158156,408.5952971611574,84.31935862023187,476.4625711225071
南亚,低阶SARIMA,地区加总,7,2017-07-01,294,253.01887165441582,163.58736721997477,342.45037608885684,116.24518849774034,389.7925548110913
南亚,低阶SARIMA,地区加总,8,2017-08-01,278,311.67998031084903,222.24847587640798,401.1114847452901,174.90629715417356,448.4536634675245
南亚,低阶SARIMA,地区加总,9,2017-09-01,249,269.6759522675918,180.24444783315076,359.1074567020329,132.90226911091634,406.4496354242673
南亚,低阶SARIMA,地区加总,10,2017-10-01,282,286.4300203807217,171.67850714621818,401.18153361522525,110.9327254158309,461.92731534561256
南亚,低阶SARIMA,地区加总,11,2017-11-01,303,249.8361148929022,135.08460165839864,364.58762812740576,74.33881992801139,425.333409857793
南亚,低阶SARIMA,地区加总,12,2017-12-01,273,232.19492615759077,117.44341292308722,346.9464393920943,56.69763119269996,407.69222112248156
中亚,近12月均值,地区加总,1,2017-01-01,2,1.4166666666666667,0.1289004051945024,2.7044329281388313,0.0,3.3861352084328025
中亚,近12月均值,地区加总,2,2017-02-01,1,1.4166666666666667,0.1289004051945024,2.7044329281388313,0.0,3.3861352084328025
中亚,近12月均值,地区加总,3,2017-03-01,2,1.4166666666666667,0.1289004051945024,2.7044329281388313,0.0,3.3861352084328025
中亚,近12月均值,地区加总,4,2017-04-01,0,1.4166666666666667,0.0,2.9140968960245552,0.0,3.7067885765531514
中亚,近12月均值,地区加总,5,2017-05-01,1,1.4166666666666667,0.0,2.9140968960245552,0.0,3.7067885765531514
中亚,近12月均值,地区加总,6,2017-06-01,0,1.4166666666666667,0.0,2.9140968960245552,0.0,3.7067885765531514
中亚,近12月均值,地区加总,7,2017-07-01,0,1.4166666666666667,0.0,3.197951631810195,0.0,4.140906932722897
中亚,近12月均值,地区加总,8,2017-08-01,0,1.4166666666666667,0.0,3.197951631810195,0.0,4.140906932722897
中亚,近12月均值,地区加总,9,2017-09-01,0,1.4166666666666667,0.0,3.197951631810195,0.0,4.140906932722897
中亚,近12月均值,地区加总,10,2017-10-01,1,1.4166666666666667,0.07341286299135197,2.7599204703419815,0.0,3.4709960811692078
中亚,近12月均值,地区加总,11,2017-11-01,0,1.4166666666666667,0.07341286299135197,2.7599204703419815,0.0,3.4709960811692078
中亚,近12月均值,地区加总,12,2017-12-01,0,1.4166666666666667,0.07341286299135197,2.7599204703419815,0.0,3.4709960811692078
西欧,近12月均值,地区加总,1,2017-01-01,24,22.75,13.662297251191962,31.837702748808038,8.851558010816126,36.64844198918387
西欧,近12月均值,地区加总,2,2017-02-01,21,22.75,13.662297251191962,31.837702748808038,8.851558010816126,36.64844198918387
西欧,近12月均值,地区加总,3,2017-03-01,31,22.750000000000004,13.662297251191966,31.83770274880804,8.85155801081613,36.64844198918388
西欧,近12月均值,地区加总,4,2017-04-01,16,22.75,8.184580884801123,37.31541911519888,0.4741137594103719,45.02588624058963
西欧,近12月均值,地区加总,5,2017-05-01,23,22.75,8.184580884801123,37.31541911519888,0.4741137594103719,45.02588624058963
西欧,近12月均值,地区加总,6,2017-06-01,41,22.75,8.184580884801123,37.31541911519888,0.4741137594103719,45.02588624058963
西欧,近12月均值,地区加总,7,2017-07-01,22,22.75,14.325023518313667,31.174976481686333,9.86511037194584,35.63488962805416
西欧,近12月均值,地区加总,8,2017-08-01,22,22.750000000000004,14.325023518313671,31.174976481686336,9.865110371945844,35.63488962805416
西欧,近12月均值,地区加总,9,2017-09-01,30,22.75,14.325023518313667,31.174976481686333,9.86511037194584,35.63488962805416
西欧,近12月均值,地区加总,10,2017-10-01,20,22.75,1.883205530347695,43.616794469652305,0.0,54.663008210433
西欧,近12月均值,地区加总,11,2017-11-01,20,22.75,1.883205530347695,43.616794469652305,0.0,54.663008210433
西欧,近12月均值,地区加总,12,2017-12-01,21,22.75,1.883205530347695,43.616794469652305,0.0,54.663008210433
东欧,阻尼季节ETS,地区加总,1,2017-01-01,9,17.62157214170145,0.0,41.436608394639464,0.0,54.04352706041658
东欧,阻尼季节ETS,地区加总,2,2017-02-01,6,5.417422858916751,0.0,29.232459111854766,0.0,41.83937777763188
东欧,阻尼季节ETS,地区加总,3,2017-03-01,12,7.45401458729589,0.0,31.269050840233906,0.0,43.87596950601102
东欧,阻尼季节ETS,地区加总,4,2017-04-01,9,18.719311305343854,0.0,66.33087667389648,0.0,91.53491691874908
东欧,阻尼季节ETS,地区加总,5,2017-05-01,11,17.208170656866596,0.0,64.81973602541922,0.0,90.02377627027182
东欧,阻尼季节ETS,地区加总,6,2017-06-01,10,13.726719583096047,0.0,61.338284951648674,0.0,86.54232519650127
东欧,阻尼季节ETS,地区加总,7,2017-07-01,7,33.279126835231025,0.0,113.29025177247264,0.0,155.64558282164103
东欧,阻尼季节ETS,地区加总,8,2017-08-01,12,16.653093151047766,0.0,96.66421808828939,0.0,139.01954913745777
东欧,阻尼季节ETS,地区加总,9,2017-09-01,10,7.6467028286010015,0.0,87.65782776584263,0.0,130.013158815011
东欧,阻尼季节ETS,地区加总,10,2017-10-01,10,22.864859902042454,0.0,91.55447631006139,0.0,127.91656276846396
东欧,阻尼季节ETS,地区加总,11,2017-11-01,5,12.509894358780825,0.0,81.19951076679976,0.0,117.56159722520233
东欧,阻尼季节ETS,地区加总,12,2017-12-01,9,3.967799579162636,0.0,72.65741598718157,0.0,109.01950244558414
中东与北非,低阶SARIMA,地区加总,1,2017-01-01,336,485.03917009709386,401.48767609882947,568.5906640953582,357.25818687811346,612.8201533160743
中东与北非,低阶SARIMA,地区加总,2,2017-02-01,364,446.1079498452376,362.5564558469732,529.659443843502,318.3269666262572,573.888933064218
中东与北非,低阶SARIMA,地区加总,3,2017-03-01,342,471.0725546296382,387.5210606313738,554.6240486279025,343.2915714106578,598.8535378486187
中东与北非,低阶SARIMA,地区加总,4,2017-04-01,297,473.69455205101553,377.85544143756135,569.5336626644697,327.1212808983274,620.2678232037036
中东与北非,低阶SARIMA,地区加总,5,2017-05-01,357,527.0274132861182,431.188302672664,622.8665238995724,380.4541421334301,673.6006844388063
中东与北非,低阶SARIMA,地区加总,6,2017-06-01,396,473.5185381361954,377.6794275227412,569.3576487496496,326.9452669835073,620.0918092888835
中东与北非,低阶SARIMA,地区加总,7,2017-07-01,358,547.0227189733499,354.7897956660537,739.2556422806462,253.02783304377658,841.0176049029233
中东与北非,低阶SARIMA,地区加总,8,2017-08-01,338,520.8559038304251,328.62298052312883,713.0888271377213,226.86101790085172,814.8507897599984
中东与北非,低阶SARIMA,地区加总,9,2017-09-01,282,472.9072315451425,280.6743082378463,665.1401548524387,178.91234561556917,766.9021174747159
中东与北非,低阶SARIMA,地区加总,10,2017-10-01,257,515.4428960368574,248.98386626063365,781.9019258130811,107.92897638045076,922.956815693264
中东与北非,低阶SARIMA,地区加总,11,2017-11-01,240,488.67372126880394,222.2146914925802,755.1327510450277,81.1598016123973,896.1876409252106
中东与北非,低阶SARIMA,地区加总,12,2017-12-01,213,463.06845328716054,196.60942351093678,729.5274830633844,55.554533630753895,870.5823729435672
撒哈拉以南非洲,阻尼季节ETS,地区加总,1,2017-01-01,164,184.6183218575718,109.50152756691892,259.7351161482247,69.7370986574587,299.4995450576849
撒哈拉以南非洲,阻尼季节ETS,地区加总,2,2017-02-01,137,182.22718053893888,107.110386248286,257.34397482959173,67.34595733882578,297.108403739052
撒哈拉以南非洲,阻尼季节ETS,地区加总,3,2017-03-01,160,207.99219841964663,132.87540412899375,283.1089927102995,93.11097521953353,322.8734216197597
撒哈拉以南非洲,阻尼季节ETS,地区加总,4,2017-04-01,171,184.35377066933012,110.81066496822852,257.8968763704317,71.87929647669176,296.82824486196847
撒哈拉以南非洲,阻尼季节ETS,地区加总,5,2017-05-01,167,197.53099041805334,123.98788471695174,271.07409611915494,85.05651622541498,310.00546461069166
撒哈拉以南非洲,阻尼季节ETS,地区加总,6,2017-06-01,194,183.63866943085827,110.09556372975668,257.18177513195985,71.16419523821992,296.1131436234966
撒哈拉以南非洲,阻尼季节ETS,地区加总,7,2017-07-01,194,223.77830052666923,137.1614579664681,310.39514308687035,91.30927123682739,356.24732981651107
撒哈拉以南非洲,阻尼季节ETS,地区加总,8,2017-08-01,170,164.03385526464058,77.41701270443946,250.6506978248417,31.564825974798737,296.5028845544824
撒哈拉以南非洲,阻尼季节ETS,地区加总,9,2017-09-01,163,169.24636224687166,82.62951968667053,255.86320480707278,36.77733295702981,301.71539153671347
撒哈拉以南非洲,阻尼季节ETS,地区加总,10,2017-10-01,149,190.935478103764,136.39713668143983,245.4738195260882,107.5262826892356,274.34467351829244
撒哈拉以南非洲,阻尼季节ETS,地区加总,11,2017-11-01,161,185.52540683144335,130.98706540911917,240.06374825376753,102.11621141691494,268.93460224597175
撒哈拉以南非洲,阻尼季节ETS,地区加总,12,2017-12-01,140,177.69219457706905,123.15385315474487,232.23053599939323,94.28299916254063,261.10138999159744
大洋洲,近12月均值,地区加总,1,2017-01-01,0,0.8333333333333334,0.0,1.8051179229987304,0.0,2.3195496102927544
大洋洲,近12月均值,地区加总,2,2017-02-01,0,0.8333333333333334,0.0,1.8051179229987304,0.0,2.3195496102927544
大洋洲,近12月均值,地区加总,3,2017-03-01,0,0.8333333333333334,0.0,1.8051179229987304,0.0,2.3195496102927544
大洋洲,近12月均值,地区加总,4,2017-04-01,1,0.8333333333333334,0.0,1.8862353849155906,0.0,2.443608062678775
大洋洲,近12月均值,地区加总,5,2017-05-01,0,0.8333333333333333,0.0,1.8862353849155904,0.0,2.443608062678775
大洋洲,近12月均值,地区加总,6,2017-06-01,1,0.8333333333333334,0.0,1.8862353849155906,0.0,2.443608062678775
大洋洲,近12月均值,地区加总,7,2017-07-01,9,0.8333333333333334,0.02562817988516286,1.641038486781504,0.0,2.068611767262817
大洋洲,近12月均值,地区加总,8,2017-08-01,0,0.8333333333333334,0.02562817988516286,1.641038486781504,0.0,2.068611767262817
大洋洲,近12月均值,地区加总,9,2017-09-01,0,0.8333333333333334,0.02562817988516286,1.641038486781504,0.0,2.068611767262817
大洋洲,近12月均值,地区加总,10,2017-10-01,0,0.8333333333333334,0.0,1.9119196970819456,0.0,2.4828888284061743
大洋洲,近12月均值,地区加总,11,2017-11-01,0,0.8333333333333334,0.0,1.9119196970819456,0.0,2.4828888284061743
大洋洲,近12月均值,地区加总,12,2017-12-01,1,0.8333333333333334,0.0,1.9119196970819456,0.0,2.4828888284061743
