国家,年份,事件数,累计危害,平均危害,一级事件数,有效坐标数,已知死亡记录数,已记录死亡人数,已知受伤记录数,已记录受伤人数,一级占比,坐标覆盖率,死亡信息覆盖率
Afghanistan,2015,1928,886.3041086643134,0.4597013011744364,490,1918,1841,6216.0,1762,6987.0,0.254149377593361,0.9948132780082988,0.9548755186721992
Afghanistan,2016,1617,697.5713532087719,0.43139848683288307,389,1616,1544,6142.0,1515,6485.0,0.24056895485466914,0.9993815708101422,0.9548546691403834
Afghanistan,2017,1414,608.6796274828664,0.4304664975126354,306,1410,1333,6092.0,1308,6027.0,0.2164073550212164,0.9971711456859972,0.9427157001414427
Albania,2015,4,1.9078802955858944,0.4769700738964736,1,4,4,0.0,4,0.0,0.25,1.0,1.0
Albania,2016,2,0.9058132994062367,0.45290664970311834,1,2,2,0.0,2,0.0,0.5,1.0,1.0
Albania,2017,1,0.7568839919329213,0.7568839919329213,1,1,1,0.0,1,0.0,1.0,1.0,1.0
Algeria,2015,16,6.926078226647398,0.4328798891654624,5,15,16,21.0,15,19.0,0.3125,0.9375,1.0
Algeria,2016,9,3.284420181798323,0.3649355757553692,2,9,9,9.0,9,2.0,0.2222222222222222,1.0,1.0
Algeria,2017,14,4.617175531297403,0.3297982522355288,0,14,14,12.0,14,19.0,0.0,1.0,1.0
Angola,2016,2,0.3481637017585715,0.17408185087928574,0,2,1,0.0,1,0.0,0.0,1.0,0.5
Angola,2017,6,2.183649433707202,0.36394157228453367,0,6,4,7.0,3,411.0,0.0,1.0,0.6666666666666666
Argentina,2015,1,0.2068236787056439,0.2068236787056439,0,1,1,0.0,1,0.0,0.0,1.0,1.0
Argentina,2016,2,0.3982748151061866,0.1991374075530933,0,2,2,0.0,2,2.0,0.0,1.0,1.0
Argentina,2017,3,2.0653469352904748,0.6884489784301583,0,2,3,0.0,3,0.0,0.0,0.6666666666666666,1.0
Armenia,2015,2,0.32175847598766816,0.16087923799383408,0,2,2,0.0,2,1.0,0.0,1.0,1.0
Armenia,2016,2,1.523615128997259,0.7618075644986295,2,2,2,6.0,2,1.0,1.0,1.0,1.0
Australia,2015,14,8.206539548768035,0.5861813963405739,4,14,14,2.0,14,0.0,0.2857142857142857,1.0,1.0
Australia,2016,9,5.6805919813881856,0.6311768868209096,0,9,9,0.0,9,1.0,0.0,1.0,1.0
Australia,2017,4,1.3231094206709024,0.3307773551677256,0,4,4,4.0,4,21.0,0.0,1.0,1.0
Austria,2016,3,1.991923322944245,0.663974440981415,0,3,3,0.0,3,0.0,0.0,1.0,1.0
Austria,2017,1,0.6772001663008238,0.6772001663008238,0,1,1,2.0,1,0.0,0.0,1.0,1.0
Azerbaijan,2016,2,0.5233180498293318,0.2616590249146659,0,2,2,1.0,2,1.0,0.0,1.0,1.0
Azerbaijan,2017,2,0.7530806577480753,0.37654032887403766,0,2,2,5.0,2,2.0,0.0,1.0,1.0
Bahrain,2015,18,7.977196183768965,0.4431775657649425,4,18,18,5.0,18,22.0,0.2222222222222222,1.0,1.0
Bahrain,2016,3,1.5838646854435492,0.5279548951478498,0,3,3,1.0,3,2.0,0.0,1.0,1.0
Bahrain,2017,21,13.27213554876208,0.6320064547029561,15,21,21,6.0,21,26.0,0.7142857142857143,1.0,1.0
Bangladesh,2015,469,201.48129113208648,0.4295976356760906,104,468,467,86.0,466,720.0,0.22174840085287847,0.997867803837953,0.9957356076759062
Bangladesh,2016,88,36.177992679918134,0.4111135531808879,18,87,85,76.0,83,90.0,0.20454545454545456,0.9886363636363636,0.9659090909090909
Bangladesh,2017,41,14.781723293306383,0.3605298364221069,8,41,40,25.0,37,73.0,0.1951219512195122,1.0,0.975609756097561
Belgium,2016,6,3.1077384277693043,0.5179564046282173,2,6,6,36.0,6,276.0,0.3333333333333333,1.0,1.0
Belgium,2017,3,0.6076476286966984,0.20254920956556613,0,3,3,2.0,3,2.0,0.0,1.0,1.0
Bosnia-Herzegovina,2015,6,3.3618870454313114,0.5603145075718853,1,6,6,4.0,6,6.0,0.16666666666666666,1.0,1.0
Brazil,2015,5,1.553773304491586,0.3107546608983172,1,5,5,3.0,5,0.0,0.2,1.0,1.0
Brazil,2016,2,0.9436804921699851,0.47184024608499253,0,2,2,1.0,2,0.0,0.0,1.0,1.0
Brazil,2017,2,0.8343999951940839,0.41719999759704196,0,2,2,0.0,2,0.0,0.0,1.0,1.0
Bulgaria,2015,2,1.4335445453766484,0.7167722726883242,1,2,2,0.0,2,0.0,0.5,1.0,1.0
Bulgaria,2016,1,0.1961602933587766,0.1961602933587766,0,1,1,0.0,1,1.0,0.0,1.0,1.0
Burkina Faso,2015,6,2.957236568988022,0.4928727614980037,1,5,5,16.0,6,132.0,0.16666666666666666,0.8333333333333334,0.8333333333333334
Burkina Faso,2016,10,6.180149626223347,0.6180149626223347,6,10,9,62.0,8,40.0,0.6,1.0,0.9
Burkina Faso,2017,32,15.537506702161068,0.48554708444253336,12,32,31,53.0,31,45.0,0.375,1.0,0.96875
Burundi,2015,102,45.43968854433567,0.44548714259152616,23,102,101,223.0,97,220.0,0.22549019607843138,1.0,0.9901960784313726
Burundi,2016,83,38.657090394696716,0.46574807704453874,16,83,81,74.0,80,213.0,0.1927710843373494,1.0,0.9759036144578314
Burundi,2017,21,10.332956127348748,0.4920455298737499,7,21,19,20.0,19,127.0,0.3333333333333333,1.0,0.9047619047619048
Cameroon,2015,83,47.53822049443813,0.5727496445113027,27,82,76,931.0,60,463.0,0.3253012048192771,0.9879518072289156,0.9156626506024096
Cameroon,2016,56,27.952741418265564,0.4991560967547422,18,56,54,269.0,47,324.0,0.32142857142857145,1.0,0.9642857142857143
Cameroon,2017,94,43.243402789158274,0.4600361998846625,21,90,88,228.0,82,243.0,0.22340425531914893,0.9574468085106383,0.9361702127659575
Canada,2015,5,2.5180607294899584,0.5036121458979916,1,5,5,0.0,5,2.0,0.2,1.0,1.0
Canada,2016,6,3.0364069479826914,0.5060678246637819,1,6,6,1.0,6,34.0,0.16666666666666666,1.0,1.0
Canada,2017,12,7.056750637847614,0.5880625531539678,0,12,12,6.0,12,25.0,0.0,1.0,1.0
Central African Republic,2015,48,19.808071454638974,0.41266815530497863,4,46,45,171.0,40,91.0,0.08333333333333333,0.9583333333333334,0.9375
Central African Republic,2016,38,18.257298320269218,0.4804552189544531,14,35,33,189.0,29,174.0,0.3684210526315789,0.9210526315789473,0.868421052631579
Central African Republic,2017,43,21.49167367358021,0.49980636450186533,13,42,38,601.0,34,239.0,0.3023255813953488,0.9767441860465116,0.8837209302325582
Chad,2015,27,16.167440922360733,0.5987941082355827,9,25,26,306.0,21,427.0,0.3333333333333333,0.9259259259259259,0.9629629629629629
Chad,2016,5,2.7858250990001214,0.5571650198000243,1,5,5,22.0,5,68.0,0.2,1.0,1.0
Chad,2017,6,2.7784200785521946,0.46307001309203244,2,4,5,62.0,3,1.0,0.3333333333333333,0.6666666666666666,0.8333333333333334
Chile,2015,1,0.2142892303413836,0.2142892303413836,0,1,1,0.0,1,0.0,0.0,1.0,1.0
Chile,2016,18,11.335996788959909,0.6297775993866616,4,14,18,2.0,18,4.0,0.2222222222222222,0.7777777777777778,1.0
Chile,2017,12,8.163088091188776,0.680257340932398,5,12,12,0.0,12,2.0,0.4166666666666667,1.0,1.0
China,2015,17,8.065123628298007,0.4744190369587063,1,17,15,123.0,14,83.0,0.058823529411764705,1.0,0.8823529411764706
China,2016,5,2.5574884249067065,0.5114976849813413,1,5,5,13.0,5,18.0,0.2,1.0,1.0
China,2017,6,4.529133694969467,0.7548556158282445,5,6,6,16.0,6,76.0,0.8333333333333334,1.0,1.0
Colombia,2015,136,63.823678893848914,0.4692917565724185,37,134,134,104.0,133,138.0,0.27205882352941174,0.9852941176470589,0.9852941176470589
Colombia,2016,109,46.97118235836925,0.43092827851714904,30,108,108,52.0,108,72.0,0.27522935779816515,0.9908256880733946,0.9908256880733946
Colombia,2017,117,51.52552599039608,0.44038911102902634,32,110,116,84.0,115,117.0,0.27350427350427353,0.9401709401709402,0.9914529914529915
Cyprus,2015,3,1.1638599243392052,0.3879533081130684,0,3,3,0.0,3,0.0,0.0,1.0,1.0
Cyprus,2016,2,1.3131900154037126,0.6565950077018563,0,2,2,0.0,2,0.0,0.0,1.0,1.0
Czech Republic,2015,4,2.6932538082542425,0.6733134520635606,0,4,4,0.0,4,0.0,0.0,1.0,1.0
Czech Republic,2016,2,0.8208585345319148,0.4104292672659574,0,2,2,0.0,2,1.0,0.0,1.0,1.0
Czech Republic,2017,3,2.161311540666928,0.7204371802223094,2,3,3,0.0,3,0.0,0.6666666666666666,1.0,1.0
Democratic Republic of the Congo,2015,143,73.27044913026535,0.5123807631487087,40,142,111,371.0,98,244.0,0.27972027972027974,0.993006993006993,0.7762237762237763
Democratic Republic of the Congo,2016,169,79.87662273991776,0.47264273810602225,35,166,143,532.0,133,176.0,0.20710059171597633,0.9822485207100592,0.8461538461538461
Democratic Republic of the Congo,2017,143,71.21271045405553,0.4979909821961925,45,143,113,596.0,102,193.0,0.3146853146853147,1.0,0.7902097902097902
Denmark,2015,4,2.444841318840141,0.6112103297100353,1,4,4,2.0,4,5.0,0.25,1.0,1.0
Denmark,2016,1,0.3165649942412216,0.3165649942412216,0,1,1,1.0,1,3.0,0.0,1.0,1.0
Djibouti,2015,1,0.2203080929128692,0.2203080929128692,0,1,0,,0,,0.0,1.0,0.0
Djibouti,2017,1,0.2238380728728957,0.2238380728728957,0,1,0,,0,,0.0,1.0,0.0
Dominican Republic,2017,1,0.3657366770399814,0.3657366770399814,0,1,1,2.0,1,1.0,0.0,1.0,1.0
Ecuador,2015,1,0.7446271677100924,0.7446271677100924,1,1,1,0.0,1,0.0,1.0,1.0,1.0
Ecuador,2016,2,1.2524574811623133,0.6262287405811566,1,2,2,1.0,2,14.0,0.5,1.0,1.0
Ecuador,2017,3,0.5528598098866397,0.18428660329554658,0,3,3,0.0,3,0.0,0.0,1.0,1.0
Egypt,2015,647,291.08981286400103,0.4499069750602798,186,644,640,829.0,638,1047.0,0.2874806800618238,0.9953632148377125,0.9891808346213292
Egypt,2016,376,166.15739149750735,0.4419079561103919,109,376,367,609.0,366,633.0,0.2898936170212766,1.0,0.976063829787234
Egypt,2017,224,107.09966612397199,0.4781235094820178,72,224,217,877.0,214,626.0,0.32142857142857145,1.0,0.96875
Estonia,2015,2,1.4269958541870844,0.7134979270935422,1,2,2,0.0,2,0.0,0.5,1.0,1.0
Ethiopia,2015,7,3.7020980328279114,0.5288711475468445,2,7,6,48.0,5,43.0,0.2857142857142857,1.0,0.8571428571428571
Ethiopia,2016,13,9.446429313037575,0.7266484086951981,10,13,12,279.0,12,83.0,0.7692307692307693,1.0,0.9230769230769231
Ethiopia,2017,27,13.683375321845261,0.5067916785868616,6,26,26,67.0,22,53.0,0.2222222222222222,0.9629629629629629,0.9629629629629629
Finland,2015,9,4.981405936128131,0.5534895484586813,0,9,9,0.0,8,1.0,0.0,1.0,1.0
Finland,2016,3,2.059793044989781,0.6865976816632604,1,3,3,0.0,3,0.0,0.3333333333333333,1.0,1.0
Finland,2017,2,1.2108407909684908,0.6054203954842454,0,2,2,2.0,2,10.0,0.0,1.0,1.0
France,2015,37,21.28136587427286,0.5751720506560233,10,37,37,162.0,37,443.0,0.2702702702702703,1.0,1.0
France,2016,26,12.19858156275345,0.4691762139520558,1,26,26,95.0,25,470.0,0.038461538461538464,1.0,1.0
France,2017,41,19.30533066826411,0.47086172361619777,2,41,41,7.0,41,28.0,0.04878048780487805,1.0,1.0
Gabon,2017,4,1.3752557916700485,0.34381394791751213,0,4,4,0.0,4,2.0,0.0,1.0,1.0
Georgia,2015,1,0.1986254622408842,0.1986254622408842,0,1,1,0.0,1,0.0,0.0,1.0,1.0
Georgia,2016,4,1.9561144094935217,0.4890286023733804,0,4,4,1.0,4,7.0,0.0,1.0,1.0
Georgia,2017,1,0.6666364736215451,0.6666364736215451,0,1,1,0.0,1,5.0,0.0,1.0,1.0
Germany,2015,65,38.42031152501401,0.5910817157694462,5,65,65,1.0,65,47.0,0.07692307692307693,1.0,1.0
Germany,2016,44,25.202755231554136,0.5727898916262304,6,44,44,27.0,44,117.0,0.13636363636363635,1.0,1.0
Germany,2017,27,15.362683371210899,0.5689882730078111,1,27,27,1.0,27,10.0,0.037037037037037035,1.0,1.0
Ghana,2016,1,0.2095176874213609,0.2095176874213609,0,1,1,0.0,1,0.0,0.0,1.0,1.0
Greece,2015,31,17.76878767069675,0.5731866990547339,7,31,31,1.0,31,2.0,0.22580645161290322,1.0,1.0
Greece,2016,31,15.914663876202578,0.5133762540710509,3,31,31,66.0,31,2.0,0.0967741935483871,1.0,1.0
Greece,2017,43,22.853428276384268,0.531475076194983,8,43,43,0.0,43,7.0,0.18604651162790697,1.0,1.0
Guinea,2015,2,0.6216986168534995,0.31084930842674974,0,2,2,1.0,2,4.0,0.0,1.0,1.0
Guinea,2016,1,0.2586358632425785,0.2586358632425785,0,1,1,1.0,1,0.0,0.0,1.0,1.0
Guyana,2016,1,0.1661928001135512,0.1661928001135512,0,1,1,0.0,1,0.0,0.0,1.0,1.0
Haiti,2016,1,0.703890028166925,0.703890028166925,0,1,1,7.0,0,,0.0,1.0,1.0
Honduras,2016,1,0.3531381317865172,0.3531381317865172,0,1,1,2.0,1,0.0,0.0,1.0,1.0
Honduras,2017,1,0.3613045957339945,0.3613045957339945,0,1,1,2.0,1,0.0,0.0,1.0,1.0
Hungary,2015,1,0.2018172458659695,0.2018172458659695,0,1,1,0.0,1,0.0,0.0,1.0,1.0
Hungary,2016,1,0.7324986072791719,0.7324986072791719,1,1,1,0.0,1,2.0,1.0,1.0,1.0
India,2015,884,333.819686123049,0.37762407932471603,129,884,848,387.0,834,649.0,0.14592760180995476,1.0,0.9592760180995475
India,2016,1025,382.50612995635885,0.3731767121525452,167,1023,991,467.0,963,788.0,0.1629268292682927,0.9980487804878049,0.9668292682926829
India,2017,966,405.2906017287136,0.4195554883320017,183,964,951,465.0,926,702.0,0.18944099378881987,0.9979296066252588,0.984472049689441
Indonesia,2015,29,13.210025544921729,0.4555181222386803,8,29,29,22.0,28,17.0,0.27586206896551724,1.0,1.0
Indonesia,2016,19,9.54155629462132,0.5021871734011221,6,19,19,22.0,18,35.0,0.3157894736842105,1.0,1.0
Indonesia,2017,27,11.555227265021147,0.4279713801859684,4,27,25,20.0,25,27.0,0.14814814814814814,1.0,0.9259259259259259
Iran,2015,9,3.565211138029232,0.3961345708921369,0,9,9,38.0,9,11.0,0.0,1.0,1.0
Iran,2016,10,5.384477191193101,0.5384477191193101,4,10,9,12.0,9,8.0,0.4,1.0,0.9
Iran,2017,11,5.2504511104018805,0.47731373730926185,2,11,11,39.0,11,67.0,0.18181818181818182,1.0,1.0
Iraq,2015,2751,1484.021208165932,0.5394479128193137,723,2743,2635,8885.0,2545,13326.0,0.2628135223555071,0.9970919665576155,0.9578335150854235
Iraq,2016,3360,1706.334253346153,0.5078375754006408,826,3357,3201,12207.0,3160,14288.0,0.24583333333333332,0.9991071428571429,0.9526785714285714
Iraq,2017,2466,1026.8852606411833,0.41641738063308326,428,2460,2333,6476.0,2327,4916.0,0.1735604217356042,0.9975669099756691,0.9460665044606651
Ireland,2015,28,7.24609800771396,0.25878921456121284,2,28,28,0.0,28,0.0,0.07142857142857142,1.0,1.0
Ireland,2016,15,3.7272797706219425,0.24848531804146284,0,15,15,2.0,15,3.0,0.0,1.0,1.0
Ireland,2017,17,4.840958645597747,0.2847622732704557,2,17,17,0.0,17,0.0,0.11764705882352941,1.0,1.0
Israel,2015,58,20.053206088851855,0.3457449325664113,5,57,58,20.0,58,118.0,0.08620689655172414,0.9827586206896551,1.0
Israel,2016,50,24.593818515371385,0.4918763703074277,17,50,50,16.0,49,175.0,0.34,1.0,1.0
Israel,2017,32,12.586983503570506,0.3933432344865783,7,32,32,3.0,32,15.0,0.21875,1.0,1.0
Italy,2015,5,1.7906933500990272,0.3581386700198054,0,5,5,0.0,5,1.0,0.0,1.0,1.0
Italy,2016,11,4.638908906954221,0.42171899154129283,3,11,11,1.0,11,1.0,0.2727272727272727,1.0,1.0
Italy,2017,8,3.8009088477867112,0.4751136059733389,2,8,8,0.0,8,8.0,0.25,1.0,1.0
Ivory Coast,2015,4,1.915193041096377,0.4787982602740942,0,4,3,14.0,3,10.0,0.0,1.0,0.75
Ivory Coast,2016,1,0.7867133052678993,0.7867133052678993,1,1,1,22.0,1,33.0,1.0,1.0,1.0
Ivory Coast,2017,13,6.996402032190556,0.5381847717069659,6,13,13,3.0,13,2.0,0.46153846153846156,1.0,1.0
Jamaica,2017,2,1.3678376418245712,0.6839188209122856,0,2,2,0.0,2,0.0,0.0,1.0,1.0
Japan,2015,10,6.182199855168077,0.6182199855168077,0,10,10,0.0,10,0.0,0.0,1.0,1.0
Japan,2016,1,0.7573420479339339,0.7573420479339339,1,1,1,19.0,1,26.0,1.0,1.0,1.0
Jordan,2015,4,2.5824708826854366,0.6456177206713591,0,3,4,7.0,4,11.0,0.0,0.75,1.0
Jordan,2016,9,5.1261206516730455,0.5695689612970051,5,9,9,35.0,9,65.0,0.5555555555555556,1.0,1.0
Jordan,2017,8,5.027507636876804,0.6284384546096005,5,8,8,4.0,8,1.0,0.625,1.0,1.0
Kazakhstan,2016,3,1.6468126782031671,0.5489375594010557,1,3,3,10.0,3,11.0,0.3333333333333333,1.0,1.0
Kenya,2015,71,32.572399384427925,0.4587661885130694,21,69,71,281.0,67,205.0,0.29577464788732394,0.971830985915493,1.0
Kenya,2016,65,32.700711603992644,0.5030878708306561,29,65,61,72.0,58,69.0,0.4461538461538462,1.0,0.9384615384615385
Kenya,2017,97,60.297840859416716,0.6216272253548115,57,97,92,126.0,85,97.0,0.5876288659793815,1.0,0.9484536082474226
Kosovo,2015,2,1.432249522800321,0.7161247614001605,1,2,2,0.0,2,0.0,0.5,1.0,1.0
Kosovo,2016,8,4.028487119222251,0.5035608899027814,2,8,8,0.0,8,0.0,0.25,1.0,1.0
Kosovo,2017,8,4.2760539264554565,0.5345067408069321,3,8,8,0.0,8,4.0,0.375,1.0,1.0
Kuwait,2015,1,0.843859386455278,0.843859386455278,1,1,1,28.0,1,227.0,1.0,1.0,1.0
Kuwait,2016,2,0.5481399879376379,0.2740699939688189,0,1,2,1.0,2,1.0,0.0,0.5,1.0
Kyrgyzstan,2015,3,0.6533216044311654,0.2177738681437218,0,3,3,1.0,3,1.0,0.0,1.0,1.0
Kyrgyzstan,2016,4,1.8570507004703987,0.46426267511759967,2,4,4,1.0,4,5.0,0.5,1.0,1.0
Kyrgyzstan,2017,2,0.9439406586100044,0.4719703293050022,0,2,2,0.0,2,0.0,0.0,1.0,1.0
Laos,2015,2,0.9020800290729482,0.4510400145364741,1,2,2,0.0,2,0.0,0.5,1.0,1.0
Laos,2016,4,1.923131582694444,0.480782895673611,1,4,4,3.0,4,15.0,0.25,1.0,1.0
Laos,2017,1,0.2654269356427483,0.2654269356427483,0,1,1,1.0,1,0.0,0.0,1.0,1.0
Latvia,2017,1,0.6766681657333621,0.6766681657333621,0,1,1,0.0,1,0.0,0.0,1.0,1.0
Lebanon,2015,44,19.226614518307773,0.4369685117797221,13,44,43,111.0,43,347.0,0.29545454545454547,1.0,0.9772727272727273
Lebanon,2016,41,20.127077539582388,0.49090433023371677,16,41,39,25.0,39,74.0,0.3902439024390244,1.0,0.9512195121951219
Lebanon,2017,23,10.515739784671018,0.4572060775943921,7,23,21,17.0,22,49.0,0.30434782608695654,1.0,0.9130434782608695
Lesotho,2015,1,0.3751486354089673,0.3751486354089673,0,1,1,1.0,1,2.0,0.0,1.0,1.0
Liberia,2017,1,0.1475230715443982,0.1475230715443982,0,1,1,0.0,1,0.0,0.0,1.0,1.0
Libya,2015,543,248.91760705089519,0.4584117993570814,157,531,486,689.0,468,841.0,0.289134438305709,0.9779005524861878,0.8950276243093923
Libya,2016,422,182.18349693488315,0.4317144477129933,98,417,343,634.0,330,744.0,0.23222748815165878,0.9881516587677726,0.8127962085308057
Libya,2017,190,82.29027944260761,0.4331067339084611,53,190,160,289.0,157,171.0,0.2789473684210526,1.0,0.8421052631578947
Macedonia,2015,4,1.9703001170037004,0.4925750292509251,2,4,4,0.0,4,2.0,0.5,1.0,1.0
Macedonia,2017,1,0.7096237868635373,0.7096237868635373,0,1,1,0.0,1,0.0,0.0,1.0,1.0
Madagascar,2016,1,0.7293390498020984,0.7293390498020984,1,1,1,3.0,1,91.0,1.0,1.0,1.0
Malawi,2017,1,0.6997835070126558,0.6997835070126558,0,1,1,0.0,1,0.0,0.0,1.0,1.0
Malaysia,2015,5,2.6139662573568394,0.5227932514713679,2,5,5,1.0,5,1.0,0.4,1.0,1.0
Malaysia,2016,19,7.956376987826313,0.41875668356980594,4,19,15,6.0,15,9.0,0.21052631578947367,1.0,0.7894736842105263
Malaysia,2017,4,0.908070063461647,0.22701751586541175,0,4,3,4.0,3,2.0,0.0,1.0,0.75
Maldives,2015,2,0.8728474287327441,0.43642371436637206,0,2,2,0.0,2,3.0,0.0,1.0,1.0
Maldives,2016,1,0.6711987071556986,0.6711987071556986,0,1,1,0.0,1,3.0,0.0,1.0,1.0
Maldives,2017,2,0.9102251877845072,0.4551125938922536,0,2,2,1.0,2,0.0,0.0,1.0,1.0
Mali,2015,121,62.4651228349213,0.5162406845861265,38,116,113,269.0,104,251.0,0.3140495867768595,0.9586776859504132,0.9338842975206612
Mali,2016,99,52.545180923827104,0.5307594032709808,41,96,90,181.0,88,220.0,0.41414141414141414,0.9696969696969697,0.9090909090909091
Mali,2017,141,67.15300519478728,0.47626244818998076,42,137,135,361.0,123,347.0,0.2978723404255319,0.9716312056737588,0.9574468085106383
Malta,2015,1,0.7197408550483965,0.7197408550483965,1,1,1,0.0,1,0.0,1.0,1.0,1.0
Malta,2017,3,2.0053847689705324,0.6684615896568441,0,3,3,1.0,3,0.0,0.0,1.0,1.0
Mexico,2015,19,7.321929200773121,0.38536469477753266,5,19,19,9.0,19,10.0,0.2631578947368421,1.0,1.0
Mexico,2016,5,1.507583036249205,0.30151660724984103,0,5,5,4.0,5,0.0,0.0,1.0,1.0
Mexico,2017,20,6.346260822557366,0.3173130411278683,1,20,20,23.0,20,6.0,0.05,1.0,1.0
Moldova,2016,1,0.6652060235110634,0.6652060235110634,0,1,1,0.0,1,0.0,0.0,1.0,1.0
Montenegro,2015,1,0.6464479123216338,0.6464479123216338,0,1,1,0.0,1,0.0,0.0,1.0,1.0
Morocco,2015,1,0.1207531337370589,0.1207531337370589,0,1,1,0.0,0,,0.0,1.0,1.0
Mozambique,2015,8,2.3731921892454504,0.2966490236556813,0,8,7,12.0,7,3.0,0.0,1.0,0.875
Mozambique,2016,79,40.12449505570434,0.5079050007051182,26,76,77,62.0,76,84.0,0.3291139240506329,0.9620253164556962,0.9746835443037974
Mozambique,2017,11,5.5733990709552295,0.5066726428141117,4,11,11,22.0,11,11.0,0.36363636363636365,1.0,1.0
Myanmar,2015,37,21.48641702623133,0.5807139736819278,18,35,30,60.0,30,153.0,0.4864864864864865,0.9459459459459459,0.8108108108108109
Myanmar,2016,74,34.44530882758243,0.4654771463186815,24,74,67,73.0,66,58.0,0.32432432432432434,1.0,0.9054054054054054
Myanmar,2017,115,44.3490753534118,0.3856441335079287,23,115,113,218.0,81,35.0,0.2,1.0,0.9826086956521739
Nepal,2015,48,23.848598865911697,0.49684580970649367,11,45,48,0.0,48,11.0,0.22916666666666666,0.9375,1.0
Nepal,2016,43,23.338253111675616,0.5427500723645492,13,43,43,5.0,43,15.0,0.3023255813953488,1.0,1.0
Nepal,2017,247,81.49789105490527,0.32995097593079054,28,247,243,4.0,241,94.0,0.11336032388663968,1.0,0.9838056680161943
Netherlands,2015,3,1.4000563731870705,0.46668545772902353,0,3,3,0.0,3,0.0,0.0,1.0,1.0
Netherlands,2016,6,3.5931010239008807,0.5988501706501468,0,6,6,1.0,6,3.0,0.0,1.0,1.0
Netherlands,2017,1,0.6571581469792731,0.6571581469792731,0,1,1,0.0,1,0.0,0.0,1.0,1.0
New Zealand,2016,1,0.6656016541646785,0.6656016541646785,0,1,1,0.0,1,0.0,0.0,1.0,1.0
Niger,2015,41,24.032969922131173,0.5861699981007603,19,41,39,666.0,35,116.0,0.4634146341463415,1.0,0.9512195121951219
Niger,2016,25,14.391656839008487,0.5756662735603395,8,25,25,190.0,20,143.0,0.32,1.0,1.0
Niger,2017,13,8.058516397950154,0.6198858767653964,4,13,12,148.0,10,72.0,0.3076923076923077,1.0,0.9230769230769231
Nigeria,2015,638,377.2848474637582,0.5913555602880223,311,636,583,5559.0,398,2863.0,0.48746081504702193,0.9968652037617555,0.9137931034482759
Nigeria,2016,533,310.5016317088405,0.5825546561141473,268,531,484,2165.0,402,1162.0,0.5028142589118199,0.9962476547842402,0.9080675422138836
Nigeria,2017,484,246.08999811466006,0.50845040932781,149,484,449,1805.0,385,1031.0,0.30785123966942146,1.0,0.9276859504132231
Norway,2017,1,0.1511991163623757,0.1511991163623757,0,1,1,0.0,1,0.0,0.0,1.0,1.0
Pakistan,2015,1243,565.4254062254054,0.4548876960783631,329,1241,1210,1608.0,1203,1849.0,0.26468222043443285,0.998390989541432,0.9734513274336283
Pakistan,2016,864,342.3641572833136,0.39625481167050186,175,864,844,1113.0,842,1894.0,0.2025462962962963,1.0,0.9768518518518519
Pakistan,2017,719,318.1019333471433,0.4424227167554149,185,718,705,1076.0,697,2091.0,0.2573018080667594,0.9986091794158554,0.980528511821975
Panama,2016,1,0.2304589868591612,0.2304589868591612,0,1,1,0.0,1,0.0,0.0,1.0,1.0
Papua New Guinea,2017,8,4.091814753711785,0.5114768442139731,0,8,8,0.0,7,3.0,0.0,1.0,1.0
Paraguay,2015,19,8.833847819312014,0.4649393589111586,3,18,19,14.0,19,0.0,0.15789473684210525,0.9473684210526315,1.0
Paraguay,2016,15,6.58217977408831,0.43881198493922063,1,14,14,10.0,14,2.0,0.06666666666666667,0.9333333333333333,0.9333333333333333
Paraguay,2017,10,4.585773267669184,0.4585773267669184,0,10,10,4.0,10,1.0,0.0,1.0,1.0
Peru,2015,10,2.9989013177962054,0.29989013177962054,0,10,10,6.0,10,7.0,0.0,1.0,1.0
Peru,2016,3,1.7146968305905208,0.5715656101968403,1,3,3,11.0,3,7.0,0.3333333333333333,1.0,1.0
Peru,2017,8,2.381395694317895,0.2976744617897369,0,7,7,8.0,7,4.0,0.0,0.875,0.875
Philippines,2015,721,276.89527068872724,0.38404337127424026,101,719,712,447.0,703,752.0,0.14008321775312066,0.9972260748959778,0.9875173370319001
Philippines,2016,632,232.9304764381649,0.36856088044013435,83,631,619,415.0,617,718.0,0.13132911392405064,0.9984177215189873,0.9794303797468354
Philippines,2017,692,284.542861935445,0.4111891068431286,95,692,670,496.0,662,674.0,0.13728323699421965,1.0,0.9682080924855492
Poland,2016,2,0.46996553252319734,0.23498276626159867,0,2,2,0.0,2,1.0,0.0,1.0,1.0
Poland,2017,1,0.7325089282211779,0.7325089282211779,1,1,1,0.0,1,0.0,1.0,1.0,1.0
Qatar,2015,1,0.2253365122582757,0.2253365122582757,0,1,1,0.0,1,1.0,0.0,1.0,1.0
Republic of the Congo,2016,15,10.372798437106974,0.6915198958071316,11,15,14,31.0,3,1.0,0.7333333333333333,1.0,0.9333333333333333
Russia,2015,21,7.080660675475081,0.33717431787976576,1,21,21,21.0,21,24.0,0.047619047619047616,1.0,1.0
Russia,2016,55,19.917087521570565,0.3621288640285557,4,55,55,64.0,55,61.0,0.07272727272727272,1.0,1.0
Russia,2017,33,15.703956982709455,0.4758774843245289,3,33,33,61.0,33,114.0,0.09090909090909091,1.0,1.0
Rwanda,2016,1,0.1821142073026753,0.1821142073026753,0,1,1,0.0,1,0.0,0.0,1.0,1.0
Rwanda,2017,2,0.9550188077674939,0.47750940388374696,1,2,2,2.0,2,8.0,0.5,1.0,1.0
Saudi Arabia,2015,103,48.7524238359684,0.4733245032618291,27,100,97,213.0,90,281.0,0.2621359223300971,0.970873786407767,0.941747572815534
Saudi Arabia,2016,124,54.4455240799213,0.4390768070961395,35,119,121,162.0,107,196.0,0.28225806451612906,0.9596774193548387,0.9758064516129032
Saudi Arabia,2017,54,26.45115465774042,0.48983619736556333,19,54,53,31.0,53,69.0,0.35185185185185186,1.0,0.9814814814814815
Senegal,2015,2,0.7040133825804504,0.3520066912902252,0,2,1,0.0,2,4.0,0.0,1.0,0.5
Serbia,2017,1,0.1862744917994309,0.1862744917994309,0,1,1,0.0,1,1.0,0.0,1.0,1.0
Sierra Leone,2016,1,0.2755331054294608,0.2755331054294608,0,1,1,1.0,1,0.0,0.0,1.0,1.0
Sierra Leone,2017,3,1.6209899524962812,0.5403299841654271,1,3,2,0.0,2,0.0,0.3333333333333333,1.0,0.6666666666666666
Slovak Republic,2016,1,0.1961602933587766,0.1961602933587766,0,1,1,0.0,1,1.0,0.0,1.0,1.0
Somalia,2015,418,181.9395822881476,0.4352621585840851,95,417,344,1447.0,305,806.0,0.22727272727272727,0.9976076555023924,0.8229665071770335
Somalia,2016,602,284.24965953128986,0.4721755141715778,180,601,506,1583.0,475,1325.0,0.29900332225913623,0.9983388704318937,0.840531561461794
Somalia,2017,614,295.2922473127622,0.4809319988807202,181,613,511,1912.0,461,1287.0,0.2947882736156352,0.998371335504886,0.8322475570032574
South Africa,2015,5,2.2831452538301162,0.4566290507660232,1,5,5,5.0,5,32.0,0.2,1.0,1.0
South Africa,2016,27,10.826184625633207,0.40096980094937806,2,27,27,21.0,27,11.0,0.07407407407407407,1.0,1.0
South Africa,2017,29,11.873972667615423,0.40944733336604905,5,28,29,21.0,28,7.0,0.1724137931034483,0.9655172413793104,1.0
South Korea,2015,1,0.1914694292786166,0.1914694292786166,0,1,1,0.0,1,1.0,0.0,1.0,1.0
South Korea,2016,1,0.7050171384740944,0.7050171384740944,0,1,1,0.0,1,0.0,0.0,1.0,1.0
South Sudan,2015,54,22.011053411896015,0.4076121002202966,7,54,44,218.0,38,137.0,0.12962962962962962,1.0,0.8148148148148148
South Sudan,2016,59,31.246222668436474,0.5295969943802792,18,57,51,633.0,45,191.0,0.3050847457627119,0.9661016949152542,0.864406779661017
South Sudan,2017,54,25.42672186395326,0.4708652197028382,15,54,52,581.0,50,258.0,0.2777777777777778,1.0,0.9629629629629629
Spain,2015,1,0.6527510989413768,0.6527510989413768,0,1,1,0.0,1,0.0,0.0,1.0,1.0
Spain,2016,3,1.6447470036736913,0.5482490012245638,0,3,3,0.0,3,4.0,0.0,1.0,1.0
Spain,2017,4,2.2243583661717308,0.5560895915429327,1,4,4,21.0,4,111.0,0.25,1.0,1.0
Sri Lanka,2015,11,4.435223304685956,0.4032021186078142,2,11,11,3.0,11,14.0,0.18181818181818182,1.0,1.0
Sri Lanka,2016,1,0.7460613950303786,0.7460613950303786,1,1,1,0.0,1,2.0,1.0,1.0,1.0
Sri Lanka,2017,41,27.227750112970064,0.6640914661700016,22,41,40,1.0,23,3.0,0.5365853658536586,1.0,0.975609756097561
Sudan,2015,158,78.37064099480871,0.4960167151570172,54,157,117,210.0,111,329.0,0.34177215189873417,0.9936708860759493,0.740506329113924
Sudan,2016,173,82.73176629458565,0.47821830228084194,54,173,125,182.0,125,213.0,0.31213872832369943,1.0,0.7225433526011561
Sudan,2017,106,55.463141014592,0.5232371793829433,40,106,83,82.0,82,176.0,0.37735849056603776,1.0,0.7830188679245284
Sweden,2015,32,19.645880318844483,0.6139337599638901,1,31,32,4.0,31,4.0,0.03125,0.96875,1.0
Sweden,2016,16,9.442134504600897,0.5901334065375561,2,16,16,0.0,16,1.0,0.125,1.0,1.0
Sweden,2017,18,9.135114523352396,0.5075063624084665,1,18,18,5.0,18,32.0,0.05555555555555555,1.0,1.0
Switzerland,2016,1,0.1339659648856819,0.1339659648856819,0,1,1,0.0,1,0.0,0.0,1.0,1.0
Syria,2015,491,278.3539359002489,0.5669122930758634,192,486,427,3924.0,332,2978.0,0.3910386965376782,0.9898167006109979,0.869653767820774
Syria,2016,473,253.7509734504107,0.5364714026435744,174,469,412,2810.0,362,2982.0,0.3678646934460888,0.9915433403805497,0.8710359408033826
Syria,2017,243,129.99456834612027,0.534957071383211,94,239,198,2026.0,167,1303.0,0.3868312757201646,0.9835390946502057,0.8148148148148148
Taiwan,2016,1,0.7050171384740944,0.7050171384740944,0,1,1,0.0,1,0.0,0.0,1.0,1.0
Taiwan,2017,1,0.7084473654046662,0.7084473654046662,0,1,1,0.0,1,1.0,0.0,1.0,1.0
Tajikistan,2015,3,2.01873761634855,0.6729125387828501,2,2,3,12.0,3,10.0,0.6666666666666666,0.6666666666666666,1.0
Tajikistan,2016,2,0.5377807555584266,0.2688903777792133,0,2,2,2.0,2,0.0,0.0,1.0,1.0
Tajikistan,2017,2,1.032286011713378,0.516143005856689,1,2,2,1.0,2,0.0,0.5,1.0,1.0
Tanzania,2015,14,7.973398838869353,0.5695284884906681,5,14,14,10.0,13,14.0,0.35714285714285715,1.0,1.0
Tanzania,2016,3,1.3396594702034526,0.4465531567344842,0,3,3,3.0,3,2.0,0.0,1.0,1.0
Tanzania,2017,6,1.7129932477501186,0.28549887462501977,1,6,3,8.0,4,4.0,0.16666666666666666,1.0,0.5
Thailand,2015,278,129.79617253441373,0.46689270695832275,77,278,278,116.0,278,463.0,0.27697841726618705,1.0,1.0
Thailand,2016,329,167.09125150895787,0.5078761444041272,127,329,329,120.0,328,385.0,0.3860182370820669,1.0,1.0
Thailand,2017,179,100.46412735582395,0.5612521081330947,91,179,178,72.0,177,270.0,0.5083798882681564,1.0,0.994413407821229
Trinidad and Tobago,2015,1,0.1482407770649046,0.1482407770649046,0,1,1,0.0,1,0.0,0.0,1.0,1.0
Tunisia,2015,17,8.355473760900752,0.49149845652357366,4,17,17,103.0,17,121.0,0.23529411764705882,1.0,1.0
Tunisia,2016,12,6.326711014470462,0.5272259178725385,3,12,12,71.0,12,26.0,0.25,1.0,1.0
Tunisia,2017,4,1.2268921872664156,0.3067230468166039,0,4,4,5.0,4,5.0,0.0,1.0,1.0
Turkey,2015,422,194.23462820121858,0.46027163080857486,121,417,415,490.0,408,1103.0,0.28672985781990523,0.9881516587677726,0.9834123222748815
Turkey,2016,542,288.0900639181797,0.531531483243874,221,541,540,1006.0,535,2772.0,0.4077490774907749,0.9981549815498155,0.996309963099631
Turkey,2017,181,82.0579469267352,0.45335882279964196,48,179,181,222.0,180,328.0,0.26519337016574585,0.988950276243094,1.0
Uganda,2015,10,2.758035708589569,0.2758035708589569,0,10,9,4.0,9,1.0,0.0,1.0,0.9
Uganda,2016,15,7.394001448569853,0.49293342990465683,0,15,14,75.0,14,19.0,0.0,1.0,0.9333333333333333
Uganda,2017,13,5.26386181608112,0.4049124473908554,2,13,12,7.0,12,2.0,0.15384615384615385,1.0,0.9230769230769231
Ukraine,2015,637,263.094117367713,0.4130205924139922,170,635,609,765.0,606,1401.0,0.2668759811616955,0.9968602825745683,0.9560439560439561
Ukraine,2016,61,29.930679511281443,0.490666877234122,19,61,59,48.0,59,40.0,0.3114754098360656,1.0,0.9672131147540983
Ukraine,2017,61,32.06829603192564,0.5257097710151745,22,61,60,40.0,60,64.0,0.36065573770491804,1.0,0.9836065573770492
United Kingdom,2015,114,45.43746531577459,0.39857425715591743,6,114,114,1.0,114,23.0,0.05263157894736842,1.0,1.0
United Kingdom,2016,105,42.8295513241698,0.4079004888016171,3,105,105,9.0,105,20.0,0.02857142857142857,1.0,1.0
United Kingdom,2017,122,53.10034030389133,0.4352486910155027,10,122,122,42.0,122,301.0,0.08196721311475409,1.0,1.0
United States,2015,38,20.830737119549877,0.5481772926197336,6,38,38,54.0,38,58.0,0.15789473684210525,1.0,1.0
United States,2016,64,38.00433287921048,0.5938177012376638,12,64,64,68.0,64,139.0,0.1875,1.0,1.0
United States,2017,65,35.81553636014146,0.551008251694484,8,65,65,95.0,65,932.0,0.12307692307692308,1.0,1.0
Uruguay,2016,1,0.2943085103490264,0.2943085103490264,0,1,1,1.0,1,1.0,0.0,1.0,1.0
Uzbekistan,2015,1,0.1461287413264567,0.1461287413264567,0,1,1,0.0,1,0.0,0.0,1.0,1.0
Venezuela,2015,3,1.6766525219059305,0.5588841739686435,1,3,3,1.0,3,0.0,0.3333333333333333,1.0,1.0
Venezuela,2016,6,3.367993823879315,0.5613323039798858,4,6,6,9.0,6,77.0,0.6666666666666666,1.0,1.0
Venezuela,2017,17,8.985205872333191,0.5285415219019525,7,17,17,5.0,16,32.0,0.4117647058823529,1.0,1.0
Vietnam,2017,2,0.8047913239031184,0.4023956619515592,0,2,2,0.0,2,0.0,0.0,1.0,1.0
West Bank and Gaza Strip,2015,246,90.45414434965306,0.3676997737790775,33,246,246,117.0,245,239.0,0.13414634146341464,1.0,1.0
West Bank and Gaza Strip,2016,157,48.88898097566248,0.3113947832844744,19,157,157,90.0,157,124.0,0.12101910828025478,1.0,1.0
West Bank and Gaza Strip,2017,83,28.95525065619026,0.3488584416408465,8,83,83,50.0,82,75.0,0.0963855421686747,1.0,1.0
Yemen,2015,664,299.2660946081037,0.4507019497109995,168,644,564,2374.0,521,3065.0,0.25301204819277107,0.9698795180722891,0.8493975903614458
Yemen,2016,525,221.14557944787592,0.42122967513881127,120,515,477,1517.0,462,1341.0,0.22857142857142856,0.9809523809523809,0.9085714285714286
Yemen,2017,226,103.02007294168205,0.45584103071540727,63,221,205,762.0,195,722.0,0.27876106194690264,0.9778761061946902,0.9070796460176991
Zambia,2017,2,0.8438795144149637,0.42193975720748184,0,2,2,0.0,2,0.0,0.0,1.0,1.0
Zimbabwe,2017,3,2.110452047702522,0.7034840159008406,1,3,3,0.0,3,1.0,0.3333333333333333,1.0,1.0
